29.12.2014;22:57:00;Monday;30.12.2014;07:30:00;100%;08:32:00;:);;59;0
30.12.2014;21:17:00;Tuesday;30.12.2014;21:33:00;3%;00:16;:|;Stressful day;72;0
30.12.2014;22:42:00;Wednesday;31.12.2014;07:13:00;98%;08:30;:|;;57;0
31.12.2014;22:31:00;Thursday;01.01.2015;06:03:00;65%;07:32;;;;0
01.01.2015;22:12:00;Friday;02.01.2015;04:56:00;72%;06:44;:);Drank coffee:Drank tea;68;0
03.01.2015;00:34:00;Saturday;03.01.2015;07:47:00;83%;07:12;:);Drank coffee:Drank tea;60;0
04.01.2015;00:23:00;Sunday;04.01.2015;07:37:00;78%;07:14;;Drank tea;;0
04.01.2015;21:34:00;Monday;05.01.2015;04:53:00;78%;07:18;:);Ate late:Drank coffee;57;0
05.01.2015;21:32:00;Tuesday;06.01.2015;05:00:00;69%;07:27;:);Drank coffee:Drank tea:Worked out;56;0
06.01.2015;21:24:00;Wednesday;07.01.2015;05:00:00;74%;07:35;:|;Drank tea:Worked out;64;0
07.01.2015;20:59:00;Thursday;08.01.2015;06:19:00;81%;09:19;:);Drank coffee:Drank tea:Stressful day;62;0
08.01.2015;22:58:00;Friday;09.01.2015;06:14:00;88%;07:16;:);Drank coffee:Drank tea;58;0
09.01.2015;22:27:00;Saturday;10.01.2015;07:29:00;77%;09:01;:|;Drank coffee:Drank tea;65;0
10.01.2015;22:38:00;Sunday;11.01.2015;07:28:00;89%;08:50;:|;Drank coffee:Drank tea;65;0
11.01.2015;22:12:00;Monday;12.01.2015;06:20:00;78%;08:08;:);Drank tea;53;0
12.01.2015;21:01:00;Tuesday;13.01.2015;06:13:00;100%;09:11;:);Drank tea:Worked out;65;0
13.01.2015;22:14:00;Wednesday;14.01.2015;06:20:00;100%;08:06;:);Drank coffee:Drank tea;55;0
14.01.2015;21:48:00;Thursday;15.01.2015;05:02:00;88%;07:13;:);Drank coffee:Drank tea:Worked out;60;0
15.01.2015;21:32:00;Friday;16.01.2015;04:54:00;87%;07:22;:);Drank tea;60;0
17.01.2015;02:11:00;Saturday;17.01.2015;09:03:00;83%;06:51;:);Drank coffee:Drank tea;94;0
17.01.2015;23:55:00;Sunday;18.01.2015;07:47:00;93%;07:51;:);Drank coffee:Drank tea;57;0
18.01.2015;21:51:00;Monday;19.01.2015;05:04:00;58%;07:12;:);Drank coffee;67;0
19.01.2015;05:06:00;Tuesday;19.01.2015;06:20:00;16%;01:13;:);;58;0
19.01.2015;21:45:00;Wednesday;20.01.2015;05:45:00;75%;08:00;:|;Drank coffee:Drank tea:Worked out;54;0
20.01.2015;21:42:00;Thursday;21.01.2015;05:45:00;80%;08:02;:|;Drank coffee:Drank tea:Worked out;60;0
21.01.2015;22:34:00;Friday;22.01.2015;06:17:00;87%;07:42;:);Drank coffee:Drank tea:Worked out;75;0
25.01.2015;20:55:00;Saturday;26.01.2015;06:14:00;87%;09:19;:);Drank coffee;58;0
26.01.2015;22:36:00;Sunday;27.01.2015;06:11:00;83%;07:35;:|;Drank coffee:Drank tea:Stressful day;66;0
28.01.2015;21:43:00;Monday;29.01.2015;05:20:00;76%;07:37;:);Drank coffee:Drank tea:Stressful day;57;0
29.01.2015;22:23:00;Tuesday;30.01.2015;05:29:00;67%;07:05;:);Drank coffee:Drank tea:Worked out;63;0
31.01.2015;00:13:00;Wednesday;31.01.2015;08:17:00;93%;08:03;:);Drank coffee:Drank tea:Stressful day;62;0
01.02.2015;21:55:00;Thursday;02.02.2015;05:09:00;64%;07:13;:);Drank coffee:Drank tea;56;0
02.02.2015;22:30:00;Friday;03.02.2015;06:20:00;75%;07:49;:);Drank tea;61;0
03.02.2015;22:47:00;Saturday;04.02.2015;06:20:00;72%;07:32;:);Drank coffee:Drank tea;61;0
04.02.2015;23:03:00;Sunday;05.02.2015;06:10:00;70%;07:07;:);Drank tea:Worked out;57;0
08.02.2015;22:30:00;Monday;09.02.2015;06:48:00;89%;08:17;:);Drank coffee:Drank tea;61;0
09.02.2015;21:55:00;Tuesday;10.02.2015;06:13:00;85%;08:17;:);Drank coffee;58;0
10.02.2015;22:20:00;Wednesday;11.02.2015;06:20:00;59%;08:00;:);Drank coffee;60;0
11.02.2015;21:53:00;Thursday;12.02.2015;05:30:00;67%;07:36;:);Drank coffee:Drank tea:Worked out;57;0
12.02.2015;22:34:00;Friday;13.02.2015;05:24:00;69%;06:49;:);Drank coffee:Drank tea:Worked out;53;0
15.02.2015;22:16:00;Saturday;16.02.2015;05:20:00;74%;07:04;:);Drank coffee;60;0
17.02.2015;00:02:00;Sunday;17.02.2015;06:16:00;78%;06:13;:);Drank coffee:Drank tea:Worked out;65;0
17.02.2015;22:20:00;Monday;18.02.2015;05:05:00;70%;06:45;:);Drank coffee:Drank tea;55;0
19.02.2015;22:39:00;Tuesday;20.02.2015;06:20:00;77%;07:40;:);Drank coffee:Drank tea:Stressful day;66;0
21.02.2015;00:31:00;Wednesday;21.02.2015;07:32:00;72%;07:00;:);Drank coffee:Drank tea:Worked out;55;0
21.02.2015;22:54:00;Thursday;22.02.2015;07:49:00;92%;08:55;:);Drank coffee:Drank tea;56;0
22.02.2015;22:18:00;Friday;23.02.2015;06:20:00;87%;08:02;:);Drank coffee;60;0
24.02.2015;22:30:00;Saturday;25.02.2015;06:20:00;69%;07:49;:);Drank coffee:Drank tea;62;0
26.02.2015;01:22:00;Sunday;26.02.2015;07:16:00;65%;05:54;:|;Drank coffee:Drank tea;;0
26.02.2015;21:42:00;Monday;27.02.2015;05:37:00;90%;07:54;:);Drank tea:Worked out;61;0
01.03.2015;20:14:00;Tuesday;02.03.2015;05:44:00;88%;09:29;:);Drank coffee;62;0
03.03.2015;21:47:00;Wednesday;04.03.2015;05:30:00;61%;07:43;:);Drank coffee:Drank tea:Worked out;62;0
04.03.2015;20:53:00;Thursday;05.03.2015;06:13:00;54%;09:19;:);Drank coffee:Drank tea:Stressful day:Worked out;68;0
05.03.2015;22:29:00;Friday;06.03.2015;06:20:00;86%;07:50;:);Drank coffee:Drank tea;58;0
08.03.2015;22:54:00;Saturday;09.03.2015;06:20:00;69%;07:25;:);Drank coffee;61;0
09.03.2015;21:28:00;Sunday;10.03.2015;06:18:00;99%;08:50;:);Drank coffee:Drank tea;67;0
10.03.2015;22:17:00;Monday;11.03.2015;06:18:00;82%;08:01;:);Drank coffee:Drank tea;71;0
11.03.2015;21:39:00;Tuesday;12.03.2015;05:19:00;77%;07:40;:);Drank coffee:Drank tea;63;0
12.03.2015;21:44:00;Wednesday;13.03.2015;05:20:00;72%;07:36;:);Drank coffee:Drank tea:Worked out;60;0
15.03.2015;21:50:00;Thursday;16.03.2015;04:51:00;82%;07:00;:);;62;0
16.03.2015;21:48:00;Friday;17.03.2015;05:21:00;75%;07:32;:);Drank coffee:Drank tea;54;0
17.03.2015;23:57:00;Saturday;18.03.2015;08:01:00;91%;08:03;:);Drank coffee:Drank tea:Worked out;62;0
21.03.2015;01:10:00;Sunday;21.03.2015;08:00:00;74%;06:49;:);Drank coffee;66;0
22.03.2015;23:07:00;Monday;23.03.2015;07:30:00;75%;08:22;:);Drank coffee:Drank tea;65;0
24.03.2015;22:11:00;Tuesday;25.03.2015;06:19:00;84%;08:07;:);Drank coffee;58;0
25.03.2015;22:00:00;Wednesday;26.03.2015;05:22:00;76%;07:22;:);Drank coffee:Drank tea:Worked out;;0
26.03.2015;21:23:00;Thursday;27.03.2015;05:26:00;92%;08:03;:);Drank tea:Worked out;54;0
30.03.2015;22:30:00;Friday;31.03.2015;05:28:00;82%;06:57;:);Drank coffee:Worked out;64;0
31.03.2015;22:17:00;Saturday;01.04.2015;05:50:00;84%;07:32;:);Drank coffee:Drank tea:Worked out;55;0
04.04.2015;23:13:00;Sunday;05.04.2015;07:31:00;95%;08:17;:);Drank coffee:Drank tea;;0
06.04.2015;21:22:00;Monday;07.04.2015;06:15:00;79%;08:53;:);Drank coffee:Drank tea;55;0
07.04.2015;21:17:00;Tuesday;08.04.2015;06:18:00;100%;09:01;:);Drank tea;51;0
08.04.2015;22:09:00;Wednesday;09.04.2015;05:02:00;81%;06:52;:);Drank tea;52;0
09.04.2015;21:56:00;Thursday;10.04.2015;05:23:00;80%;07:27;:);Drank coffee:Drank tea:Worked out;;0
10.04.2015;23:51:00;Friday;11.04.2015;07:41:00;85%;07:50;:);Drank tea:Worked out;;0
11.04.2015;23:16:00;Saturday;12.04.2015;06:53:00;97%;07:36;:);Drank coffee:Drank tea;52;0
12.04.2015;22:04:00;Sunday;13.04.2015;05:41:00;84%;07:36;:);Drank coffee:Drank tea;58;0
13.04.2015;22:19:00;Monday;14.04.2015;05:45:00;78%;07:25;:);Drank tea:Worked out;57;0
15.04.2015;00:28:00;Tuesday;15.04.2015;07:30:00;81%;07:01;:);Drank coffee:Drank tea:Worked out;63;0
16.04.2015;23:20:00;Wednesday;17.04.2015;06:20:00;82%;06:59;:);Drank coffee:Drank tea;58;0
17.04.2015;23:50:00;Thursday;18.04.2015;07:22:00;59%;07:32;:);Drank coffee:Drank tea:Stressful day:Worked out;53;0
20.04.2015;22:37:00;Friday;21.04.2015;06:18:00;77%;07:40;:);Drank coffee:Drank tea;58;0
22.04.2015;21:31:00;Saturday;23.04.2015;05:11:00;77%;07:39;:);Drank coffee:Drank tea:Stressful day;67;0
23.04.2015;21:46:00;Sunday;24.04.2015;05:13:00;87%;07:26;:);Drank coffee:Drank tea:Stressful day:Worked out;;0
25.04.2015;22:53:00;Monday;26.04.2015;07:53:00;100%;09:00;:);Drank coffee:Drank tea;61;0
26.04.2015;21:51:00;Tuesday;27.04.2015;04:59:00;70%;07:07;:);Ate late:Drank coffee:Drank tea;64;0
27.04.2015;21:35:00;Wednesday;28.04.2015;04:57:00;77%;07:21;:);Drank tea:Worked out;59;0
28.04.2015;21:41:00;Thursday;29.04.2015;05:00:00;53%;07:18;:);Drank coffee:Worked out;59;0
30.04.2015;23:13:00;Friday;01.05.2015;06:06:00;77%;06:52;:);Drank coffee:Drank tea:Stressful day;60;0
01.05.2015;22:20:00;Saturday;02.05.2015;06:07:00;65%;07:46;:);Drank coffee:Worked out;91;0
05.05.2015;22:23:00;Sunday;06.05.2015;06:18:00;83%;07:54;:);Drank coffee:Drank tea:Worked out;62;0
06.05.2015;21:47:00;Monday;07.05.2015;05:21:00;50%;07:34;:);Ate late:Drank coffee:Drank tea:Worked out;59;0
07.05.2015;21:22:00;Tuesday;08.05.2015;04:57:00;89%;07:34;:);Drank tea:Worked out;54;0
09.05.2015;01:58:00;Wednesday;09.05.2015;07:01:00;61%;05:03;:);Drank coffee:Drank tea:Stressful day:Worked out;75;0
10.05.2015;22:11:00;Thursday;11.05.2015;05:00:00;66%;06:48;:);Drank coffee:Drank tea:Worked out;50;0
11.05.2015;21:57:00;Friday;12.05.2015;05:00:00;75%;07:03;:);Drank tea:Worked out;55;0
12.05.2015;22:04:00;Saturday;13.05.2015;04:52:00;72%;06:47;:);Drank tea:Worked out;59;0
14.05.2015;22:49:00;Sunday;15.05.2015;06:17:00;79%;07:28;:);Drank coffee:Drank tea;51;0
17.05.2015;21:03:00;Monday;18.05.2015;07:49:00;93%;10:46;:);Drank tea:Stressful day;59;0
18.05.2015;22:39:00;Tuesday;19.05.2015;06:20:00;91%;07:41;:);;59;0
20.05.2015;22:22:00;Wednesday;21.05.2015;05:25:00;59%;07:02;:);Drank tea:Worked out;62;0
21.05.2015;22:47:00;Thursday;22.05.2015;05:25:00;74%;06:38;:);Drank coffee:Drank tea:Worked out;60;0
24.05.2015;00:01:00;Friday;24.05.2015;07:35:00;73%;07:33;:);Drank coffee:Worked out;;0
24.05.2015;22:58:00;Saturday;25.05.2015;06:45:00;67%;07:47;:);Drank coffee:Drank tea;61;0
25.05.2015;22:05:00;Sunday;26.05.2015;05:29:00;85%;07:23;:);Drank coffee:Drank tea;;0
26.05.2015;22:18:00;Monday;27.05.2015;05:14:00;69%;06:56;:);Drank coffee:Drank tea:Worked out;;0
28.05.2015;23:10:00;Tuesday;29.05.2015;07:00:00;81%;07:49;:);Drank coffee:Drank tea:Worked out;52;0
31.05.2015;23:16:00;Wednesday;01.06.2015;06:20:00;72%;07:03;:);Drank coffee;76;0
01.06.2015;22:20:00;Thursday;02.06.2015;06:19:00;76%;07:59;:);Drank coffee:Drank tea:Worked out;57;0
03.06.2015;22:19:00;Friday;04.06.2015;05:20:00;78%;07:00;:);Drank coffee:Drank tea;64;0
04.06.2015;22:20:00;Saturday;05.06.2015;03:45:00;70%;05:25;:(;Drank coffee:Drank tea:Worked out;;0
05.06.2015;03:45:00;Sunday;05.06.2015;05:41:00;23%;01:55;:);;57;0
07.06.2015;22:01:00;Monday;08.06.2015;05:40:00;75%;07:39;:);Drank coffee;58;0
08.06.2015;21:57:00;Tuesday;09.06.2015;05:16:00;69%;07:19;:);Drank coffee:Drank tea:Worked out;;0
09.06.2015;21:07:00;Wednesday;10.06.2015;05:01:00;83%;07:54;:);Drank coffee:Drank tea:Worked out;;0
10.06.2015;21:12:00;Thursday;11.06.2015;06:17:00;92%;09:04;:);Drank tea:Stressful day:Worked out;68;0
11.06.2015;22:54:00;Friday;12.06.2015;06:19:00;74%;07:25;:);Drank coffee:Worked out;;0
14.06.2015;22:38:00;Saturday;15.06.2015;06:12:00;81%;07:34;:);Drank coffee:Drank tea;;0
15.06.2015;22:31:00;Sunday;16.06.2015;06:20:00;88%;07:48;:);Drank coffee:Drank tea:Worked out;64;0
16.06.2015;22:21:00;Monday;17.06.2015;06:20:00;69%;07:59;:);Drank coffee:Drank tea:Stressful day:Worked out;;0
17.06.2015;21:28:00;Tuesday;18.06.2015;05:00:00;63%;07:31;:);Drank coffee;;0
18.06.2015;22:26:00;Wednesday;19.06.2015;04:46:00;71%;06:20;:);Drank coffee:Worked out;;0
22.06.2015;21:54:00;Thursday;23.06.2015;05:07:00;78%;07:13;:);Drank coffee:Worked out;;0
23.06.2015;22:09:00;Friday;24.06.2015;04:57:00;76%;06:48;:);Drank coffee:Drank tea:Worked out;;0
24.06.2015;04:58:00;Saturday;24.06.2015;05:45:00;10%;00:46;:);;;0
24.06.2015;22:37:00;Sunday;25.06.2015;06:20:00;82%;07:43;:);Drank coffee:Stressful day:Worked out;58;0
11.07.2015;22:29:00;Monday;12.07.2015;08:00:00;98%;09:31;:);Drank coffee:Stressful day;69;0
19.07.2015;21:38:00;Tuesday;20.07.2015;06:09:00;69%;08:31;:);Drank coffee;74;0
20.07.2015;22:01:00;Wednesday;21.07.2015;05:04:00;68%;07:03;:);Drank coffee:Drank tea:Worked out;;0
21.07.2015;22:02:00;Thursday;22.07.2015;05:45:00;79%;07:42;:);Drank coffee:Drank tea:Worked out;67;0
23.07.2015;22:29:00;Friday;24.07.2015;06:44:00;86%;08:14;:);Drank coffee:Stressful day:Worked out;;0
26.07.2015;22:29:00;Saturday;27.07.2015;06:20:00;93%;07:50;:);Drank coffee:Worked out;58;0
28.07.2015;21:32:00;Sunday;29.07.2015;05:39:00;68%;08:07;:);Drank coffee:Drank tea:Stressful day:Worked out;58;0
29.07.2015;23:06:00;Monday;30.07.2015;05:40:00;71%;06:34;:);Drank coffee:Drank tea:Worked out;61;0
30.07.2015;21:40:00;Tuesday;31.07.2015;05:40:00;88%;08:00;:);Drank coffee:Worked out;64;0
01.08.2015;01:41:00;Wednesday;01.08.2015;08:31:00;77%;06:49;:);Drank coffee:Drank tea:Worked out;64;0
01.08.2015;22:55:00;Thursday;02.08.2015;08:02:00;97%;09:06;:);Drank coffee:Worked out;;0
02.08.2015;23:45:00;Friday;03.08.2015;00:00:00;3%;00:15;:|;Drank coffee:Worked out;;0
03.08.2015;00:26:00;Saturday;03.08.2015;07:25:00;88%;06:59;:);Drank coffee:Worked out;68;0
03.08.2015;21:46:00;Sunday;04.08.2015;05:00:00;71%;07:14;:);Drank coffee:Stressful day:Worked out;;0
04.08.2015;21:17:00;Monday;05.08.2015;04:55:00;81%;07:38;:);Drank coffee:Drank tea:Worked out;;0
05.08.2015;21:35:00;Tuesday;06.08.2015;04:55:00;78%;07:19;:);Drank coffee:Drank tea:Worked out;57;0
08.08.2015;00:19:00;Wednesday;08.08.2015;07:56:00;97%;07:37;:);Drank coffee:Worked out;54;0
10.08.2015;00:01:00;Thursday;10.08.2015;05:03:00;65%;05:02;:);Drank coffee;;0
10.08.2015;21:11:00;Friday;11.08.2015;06:09:00;72%;08:58;:);Drank coffee:Drank tea:Worked out;50;0
15.08.2015;23:41:00;Saturday;16.08.2015;07:27:00;84%;07:46;:);Drank coffee;;0
16.08.2015;21:44:00;Sunday;17.08.2015;04:45:00;58%;07:00;:);Drank coffee;56;0
17.08.2015;22:13:00;Monday;18.08.2015;05:27:00;85%;07:14;:);Drank coffee:Drank tea:Worked out;;0
18.08.2015;22:33:00;Tuesday;19.08.2015;06:45:00;90%;08:12;:);Drank coffee:Drank tea:Worked out;57;0
19.08.2015;21:48:00;Wednesday;20.08.2015;06:01:00;79%;08:12;:);Drank coffee:Worked out;51;0
20.08.2015;22:36:00;Thursday;21.08.2015;06:00:00;69%;07:23;:);Drank coffee;58;0
21.08.2015;21:52:00;Friday;22.08.2015;06:00:00;88%;08:07;:);Drank coffee:Stressful day;;0
22.08.2015;21:59:00;Saturday;23.08.2015;05:49:00;90%;07:49;:);Drank coffee;52;0
23.08.2015;21:59:00;Sunday;24.08.2015;05:29:00;83%;07:30;:);Ate late:Drank coffee:Drank tea;52;0
25.08.2015;21:57:00;Monday;26.08.2015;05:45:00;67%;07:48;:);Drank coffee;;0
26.08.2015;21:14:00;Tuesday;27.08.2015;05:45:00;90%;08:30;:);Drank coffee:Stressful day;;0
27.08.2015;21:19:00;Wednesday;28.08.2015;05:45:00;93%;08:26;:|;;60;0
28.08.2015;22:01:00;Thursday;29.08.2015;06:00:00;85%;07:59;:);Drank coffee:Drank tea;62;0
30.08.2015;22:00:00;Friday;31.08.2015;06:00:00;84%;08:00;:);Drank coffee;66;0
31.08.2015;22:14:00;Saturday;01.09.2015;06:00:00;77%;07:46;:);Drank coffee;;0
01.09.2015;22:00:00;Sunday;02.09.2015;06:00:00;85%;07:59;:);Drank tea;65;0
02.09.2015;23:36:00;Monday;03.09.2015;07:10:00;77%;07:33;:);Drank coffee;57;0
05.09.2015;22:54:00;Tuesday;06.09.2015;06:59:00;87%;08:04;:);Drank coffee;;0
07.09.2015;22:45:00;Wednesday;08.09.2015;06:13:00;84%;07:27;:);Drank coffee:Drank tea;61;0
08.09.2015;22:03:00;Thursday;09.09.2015;06:04:00;86%;08:01;:);Drank tea:Worked out;;0
09.09.2015;22:40:00;Friday;10.09.2015;06:10:00;83%;07:29;:);Drank coffee:Drank tea:Worked out;;0
10.09.2015;22:10:00;Saturday;11.09.2015;04:57:00;77%;06:46;:);Drank coffee:Drank tea:Worked out;;0
12.09.2015;00:06:00;Sunday;12.09.2015;07:41:00;81%;07:35;:);Drank coffee:Worked out;;0
13.09.2015;22:03:00;Monday;14.09.2015;05:50:00;81%;07:47;:);Drank coffee;;0
14.09.2015;22:33:00;Tuesday;15.09.2015;06:30:00;83%;07:56;:);Drank coffee:Stressful day:Worked out;;0
15.09.2015;22:14:00;Wednesday;16.09.2015;05:55:00;70%;07:40;:);Drank coffee:Worked out;;0
16.09.2015;21:59:00;Thursday;17.09.2015;06:20:00;80%;08:20;:);Drank coffee:Drank tea:Worked out;59;0
17.09.2015;22:57:00;Friday;18.09.2015;06:20:00;60%;07:22;:);Drank coffee:Drank tea:Worked out;56;0
19.09.2015;00:31:00;Saturday;19.09.2015;06:55:00;55%;06:23;:);Drank coffee;;0
19.09.2015;22:01:00;Sunday;20.09.2015;06:48:00;91%;08:47;:);Drank coffee;;0
20.09.2015;22:07:00;Monday;21.09.2015;06:15:00;79%;08:08;:);Drank coffee:Drank tea:Worked out;55;0
22.09.2015;21:34:00;Tuesday;23.09.2015;06:15:00;81%;08:41;:);Drank coffee:Drank tea:Worked out;58;0
23.09.2015;21:37:00;Wednesday;24.09.2015;05:07:00;77%;07:29;:);Drank coffee:Drank tea:Worked out;49;0
24.09.2015;22:37:00;Thursday;25.09.2015;06:00:00;83%;07:22;:);Ate late:Drank coffee:Drank tea:Worked out;;0
27.09.2015;22:57:00;Friday;28.09.2015;07:00:00;82%;08:02;:);Drank tea;61;0
28.09.2015;21:12:00;Saturday;29.09.2015;05:15:00;90%;08:02;:);Drank tea:Worked out;60;0
29.09.2015;22:54:00;Sunday;30.09.2015;06:20:00;89%;07:25;:);Ate late:Drank coffee:Drank tea:Worked out;58;0
30.09.2015;23:57:00;Monday;01.10.2015;06:14:00;62%;06:16;:);Drank coffee:Drank tea:Worked out;55;0
03.10.2015;00:09:00;Tuesday;03.10.2015;07:26:00;69%;07:17;:);Drank coffee:Worked out;57;0
11.10.2015;00:27:00;Wednesday;11.10.2015;08:58:00;100%;08:31;:);Drank coffee:Stressful day;50;0
12.10.2015;21:59:00;Thursday;13.10.2015;06:00:00;74%;08:01;:);Ate late:Drank coffee:Drank tea:Worked out;;0
13.10.2015;22:19:00;Friday;14.10.2015;04:59:00;59%;06:40;:);Drank coffee:Worked out;;0
14.10.2015;05:00:00;Saturday;14.10.2015;06:00:00;13%;01:00;:);;;0
14.10.2015;22:40:00;Sunday;15.10.2015;06:20:00;68%;07:40;:);Drank tea:Worked out;65;0
15.10.2015;22:12:00;Monday;16.10.2015;06:21:00;67%;08:08;:);Drank coffee:Drank tea:Worked out;58;0
17.10.2015;00:45:00;Tuesday;17.10.2015;07:37:00;57%;06:51;:);Drank coffee:Drank tea;;0
18.10.2015;21:52:00;Wednesday;19.10.2015;06:20:00;67%;08:27;:|;Drank coffee;;0
20.10.2015;21:38:00;Thursday;21.10.2015;06:20:00;88%;08:42;:|;Drank coffee:Drank tea;62;0
21.10.2015;22:41:00;Friday;22.10.2015;06:20:00;77%;07:39;:);Drank coffee:Drank tea;53;0
22.10.2015;21:46:00;Saturday;23.10.2015;05:30:00;80%;07:44;:);Drank coffee:Drank tea:Worked out;70;0
24.10.2015;00:32:00;Sunday;24.10.2015;08:12:00;77%;07:40;:);Drank coffee:Drank tea:Worked out;;0
24.10.2015;22:38:00;Monday;25.10.2015;06:33:00;81%;07:55;:);Drank coffee:Drank tea;;0
26.10.2015;23:09:00;Tuesday;27.10.2015;06:05:00;77%;06:55;:);Drank coffee:Drank tea;65;0
27.10.2015;21:34:00;Wednesday;28.10.2015;05:35:00;78%;08:01;:|;Drank coffee:Worked out;;0
28.10.2015;22:28:00;Thursday;29.10.2015;06:20:00;83%;07:51;:|;Drank tea:Worked out;53;0
29.10.2015;22:30:00;Friday;30.10.2015;06:10:00;81%;07:40;:|;Drank tea:Worked out;57;0
31.10.2015;01:01:00;Saturday;31.10.2015;07:50:00;50%;06:48;:);Drank coffee:Drank tea;;0
02.11.2015;22:00:00;Sunday;03.11.2015;06:10:00;83%;08:09;:|;Drank coffee:Drank tea:Worked out;55;0
03.11.2015;22:46:00;Monday;04.11.2015;06:09:00;75%;07:23;:|;Drank coffee:Drank tea:Worked out;;0
04.11.2015;22:49:00;Tuesday;05.11.2015;06:00:00;65%;07:11;:|;Drank coffee:Drank tea:Worked out;;0
05.11.2015;21:36:00;Wednesday;06.11.2015;05:29:00;77%;07:52;:|;Drank coffee:Drank tea:Worked out;;0
07.11.2015;00:19:00;Thursday;07.11.2015;08:13:00;93%;07:54;:);Drank coffee:Drank tea:Worked out;98;0
08.11.2015;23:28:00;Friday;09.11.2015;06:20:00;69%;06:52;:);Drank coffee:Drank tea;;0
09.11.2015;21:59:00;Saturday;10.11.2015;05:41:00;88%;07:41;:);Drank coffee:Drank tea:Worked out;;0
10.11.2015;22:56:00;Sunday;11.11.2015;06:28:00;83%;07:32;:);Drank coffee:Drank tea:Worked out;;0
11.11.2015;22:57:00;Monday;12.11.2015;06:20:00;72%;07:23;:);Drank coffee:Drank tea;;0
13.11.2015;22:59:00;Tuesday;14.11.2015;07:46:00;96%;08:46;:);Drank coffee:Drank tea;59;0
15.11.2015;22:17:00;Wednesday;16.11.2015;06:30:00;72%;08:13;:);Drank coffee:Drank tea;62;0
18.11.2015;22:07:00;Thursday;19.11.2015;05:30:00;80%;07:23;:);Ate late:Drank coffee:Drank tea:Worked out;63;0
19.11.2015;23:10:00;Friday;20.11.2015;06:00:00;73%;06:50;:);Drank coffee:Drank tea:Worked out;62;0
22.11.2015;21:57:00;Saturday;23.11.2015;05:30:00;83%;07:33;:);Drank tea;;0
23.11.2015;22:15:00;Sunday;24.11.2015;05:00:00;74%;06:44;:);Drank coffee:Drank tea:Worked out;;0
24.11.2015;22:33:00;Monday;25.11.2015;06:30:00;87%;07:57;:);Drank coffee:Drank tea:Worked out;;0
25.11.2015;23:26:00;Tuesday;26.11.2015;06:20:00;69%;06:54;:);Drank coffee:Drank tea:Worked out;;0
26.11.2015;22:25:00;Wednesday;27.11.2015;06:20:00;81%;07:55;:);Drank coffee:Drank tea:Worked out;;0
28.11.2015;01:20:00;Thursday;28.11.2015;07:46:00;58%;06:25;:);Drank coffee:Drank tea:Worked out;59;0
29.11.2015;22:20:00;Friday;30.11.2015;06:20:00;68%;07:59;:);Drank tea;;0
30.11.2015;21:23:00;Saturday;01.12.2015;06:19:00;64%;08:55;:);Drank coffee:Drank tea:Worked out;;0
01.12.2015;23:03:00;Sunday;02.12.2015;06:20:00;84%;07:17;:);Drank coffee:Drank tea:Worked out;57;0
02.12.2015;22:19:00;Monday;03.12.2015;05:11:00;75%;06:51;:);Drank coffee:Drank tea;;0
03.12.2015;22:51:00;Tuesday;04.12.2015;05:01:00;70%;06:09;:);Ate late:Drank coffee:Drank tea;;0
06.12.2015;22:10:00;Wednesday;07.12.2015;05:31:00;86%;07:20;:);Drank coffee:Drank tea;68;0
07.12.2015;21:20:00;Thursday;08.12.2015;05:00:00;86%;07:40;:);Drank tea:Stressful day:Worked out;61;0
08.12.2015;22:17:00;Friday;09.12.2015;05:45:00;79%;07:28;:);Drank coffee:Drank tea:Stressful day:Worked out;;0
09.12.2015;21:57:00;Saturday;10.12.2015;06:10:00;93%;08:13;:);Drank tea:Stressful day:Worked out;67;0
13.12.2015;00:08:00;Sunday;13.12.2015;08:23:00;77%;08:14;:);Drank coffee;;0
13.12.2015;22:07:00;Monday;14.12.2015;06:09:00;80%;08:02;:);Drank coffee;52;0
15.12.2015;22:32:00;Tuesday;16.12.2015;06:10:00;75%;07:37;:);Drank coffee:Drank tea:Worked out;;0
16.12.2015;22:20:00;Wednesday;17.12.2015;05:40:00;84%;07:20;:);Drank coffee:Drank tea:Stressful day;;0
17.12.2015;21:07:00;Thursday;18.12.2015;05:45:00;100%;08:37;:);Drank coffee:Drank tea:Worked out;;0
20.12.2015;22:19:00;Friday;21.12.2015;06:20:00;72%;08:00;:|;Drank coffee:Drank tea:Worked out;56;0
21.12.2015;22:06:00;Saturday;22.12.2015;05:29:00;80%;07:23;:|;Drank coffee:Worked out;;0
22.12.2015;21:41:00;Sunday;23.12.2015;05:43:00;82%;08:01;:);Drank coffee:Drank tea:Worked out;;0
23.12.2015;22:33:00;Monday;24.12.2015;06:01:00;79%;07:27;:);Drank coffee:Drank tea;;0
29.12.2015;22:44:00;Tuesday;30.12.2015;07:00:00;76%;08:16;:|;Drank coffee;;0
01.01.2016;23:53:00;Wednesday;02.01.2016;08:27:00;79%;08:33;:|;Drank coffee:Drank tea;71;0
02.01.2016;23:49:00;Thursday;03.01.2016;08:13:00;85%;08:24;:);Drank coffee:Drank tea;65;0
03.01.2016;21:44:00;Friday;04.01.2016;05:35:00;69%;07:51;:);Drank coffee;;0
04.01.2016;22:17:00;Saturday;05.01.2016;05:45:00;74%;07:28;:|;Drank coffee:Drank tea:Stressful day;;0
05.01.2016;22:18:00;Sunday;06.01.2016;06:20:00;66%;08:01;:|;Drank coffee:Worked out;;0
13.01.2016;22:44:00;Monday;14.01.2016;06:20:00;72%;07:35;:|;Ate late:Drank coffee:Drank tea:Stressful day;;0
14.01.2016;22:10:00;Tuesday;15.01.2016;05:28:00;73%;07:17;:|;Drank coffee:Drank tea:Worked out;;0
17.01.2016;22:00:00;Wednesday;18.01.2016;05:30:00;76%;07:29;:|;Drank coffee:Drank tea:Worked out;;0
18.01.2016;21:56:00;Thursday;19.01.2016;05:34:00;78%;07:38;;Ate late:Drank coffee:Drank tea;;0
19.01.2016;22:46:00;Friday;20.01.2016;06:35:00;75%;07:48;;Drank coffee:Drank tea:Worked out;;0
20.01.2016;21:13:00;Saturday;21.01.2016;06:29:00;77%;09:15;;Drank coffee:Drank tea;;0
21.01.2016;21:33:00;Sunday;22.01.2016;06:23:00;79%;08:50;;Drank coffee;;0
22.01.2016;22:17:00;Monday;23.01.2016;08:14:00;79%;09:57;;Drank coffee:Worked out;;0
24.01.2016;22:06:00;Tuesday;25.01.2016;06:30:00;85%;08:23;;Drank coffee:Drank tea:Worked out;;0
25.01.2016;22:27:00;Wednesday;26.01.2016;06:38:00;88%;08:10;;Drank coffee;;0
26.01.2016;22:58:00;Thursday;27.01.2016;06:28:00;83%;07:29;;Drank coffee:Drank tea:Worked out;;0
27.01.2016;22:02:00;Friday;28.01.2016;05:23:00;84%;07:20;;Drank coffee:Drank tea:Worked out;;0
28.01.2016;22:11:00;Saturday;29.01.2016;05:26:00;76%;07:15;;Drank coffee:Drank tea:Worked out;;0
29.01.2016;21:47:00;Sunday;30.01.2016;06:06:00;88%;08:19;;Drank coffee:Drank tea:Worked out;;0
31.01.2016;22:58:00;Monday;01.02.2016;06:19:00;78%;07:20;;Drank coffee;;0
01.02.2016;22:02:00;Tuesday;02.02.2016;05:27:00;82%;07:25;;Drank coffee:Drank tea:Worked out;;0
02.02.2016;21:47:00;Wednesday;03.02.2016;05:20:00;72%;07:33;;Drank coffee:Worked out;;0
03.02.2016;22:54:00;Thursday;04.02.2016;06:20:00;79%;07:26;;Drank coffee:Worked out;;0
04.02.2016;22:17:00;Friday;05.02.2016;06:53:00;74%;08:35;;Drank coffee:Stressful day:Worked out;;0
05.02.2016;23:45:00;Saturday;06.02.2016;07:35:00;84%;07:50;;Drank coffee;;0
06.02.2016;22:55:00;Sunday;07.02.2016;07:35:00;91%;08:40;;Drank tea;;0
08.02.2016;00:44:00;Monday;08.02.2016;07:45:00;68%;07:01;;Drank coffee:Drank tea;;0
08.02.2016;22:43:00;Tuesday;09.02.2016;06:40:00;77%;07:56;;Drank coffee:Drank tea:Worked out;;0
09.02.2016;21:57:00;Wednesday;10.02.2016;05:31:00;66%;07:33;;Drank coffee:Worked out;;0
13.02.2016;23:41:00;Thursday;14.02.2016;05:11:00;38%;05:30;;Drank coffee;;0
14.02.2016;22:07:00;Friday;15.02.2016;05:53:00;84%;07:45;;Drank coffee:Stressful day;;0
15.02.2016;22:07:00;Saturday;16.02.2016;05:25:00;76%;07:18;;Drank coffee:Worked out;;0
16.02.2016;22:20:00;Sunday;17.02.2016;05:32:00;70%;07:12;;Drank coffee:Worked out;;0
17.02.2016;21:33:00;Monday;18.02.2016;06:24:00;90%;08:51;;Drank coffee:Stressful day:Worked out;;0
18.02.2016;22:47:00;Tuesday;19.02.2016;06:26:00;77%;07:39;;Drank coffee:Drank tea:Worked out;;0
20.02.2016;23:12:00;Wednesday;21.02.2016;07:41:00;69%;08:28;;Drank coffee;;0
22.02.2016;22:04:00;Thursday;23.02.2016;06:23:00;85%;08:19;;Drank coffee;;0
23.02.2016;22:18:00;Friday;24.02.2016;06:25:00;94%;08:06;;Drank coffee:Worked out;;0
24.02.2016;21:59:00;Saturday;25.02.2016;05:43:00;88%;07:44;;Drank tea:Worked out;;0
26.02.2016;00:15:00;Sunday;26.02.2016;06:35:00;68%;06:20;;Drank tea:Worked out;;0
27.02.2016;23:33:00;Monday;28.02.2016;07:50:00;92%;08:17;;Drank coffee;;0
28.02.2016;22:19:00;Tuesday;29.02.2016;05:45:00;64%;07:25;;Drank tea;;0
29.02.2016;21:55:00;Wednesday;01.03.2016;06:22:00;78%;08:26;;Drank tea:Worked out;;0
01.03.2016;23:22:00;Thursday;02.03.2016;05:50:00;70%;06:28;;Drank tea:Worked out;;0
02.03.2016;22:15:00;Friday;03.03.2016;06:21:00;95%;08:06;;Drank coffee:Drank tea:Worked out;;0
03.03.2016;22:01:00;Saturday;04.03.2016;06:17:00;90%;08:16;;Drank tea:Worked out;;0
05.03.2016;23:20:00;Sunday;06.03.2016;07:31:00;98%;08:11;;Drank tea;;0
06.03.2016;23:08:00;Monday;07.03.2016;06:19:00;70%;07:11;;Drank coffee:Drank tea;;0
07.03.2016;22:50:00;Tuesday;08.03.2016;06:22:00;75%;07:32;;Drank tea:Worked out;;0
08.03.2016;21:40:00;Wednesday;09.03.2016;06:25:00;91%;08:44;;Drank tea:Worked out;;0
09.03.2016;22:40:00;Thursday;10.03.2016;05:49:00;79%;07:09;;Drank tea;;0
10.03.2016;21:35:00;Friday;11.03.2016;05:34:00;92%;07:58;;Drank tea:Worked out;;0
12.03.2016;01:33:00;Saturday;12.03.2016;07:50:00;69%;06:17;;Drank coffee:Worked out;;0
12.03.2016;23:44:00;Sunday;13.03.2016;07:51:00;83%;07:07;;Drank tea;;0
13.03.2016;22:47:00;Monday;14.03.2016;05:40:00;82%;06:53;;Drank tea:Worked out;;0
14.03.2016;22:16:00;Tuesday;15.03.2016;05:46:00;79%;07:29;;Drank tea:Worked out;;0
15.03.2016;22:41:00;Wednesday;16.03.2016;06:25:00;85%;07:43;;Drank coffee:Drank tea:Worked out;;0
16.03.2016;22:25:00;Thursday;17.03.2016;07:05:00;90%;08:39;;Drank coffee:Worked out;;0
17.03.2016;22:46:00;Friday;18.03.2016;07:08:00;98%;08:22;;Drank coffee:Drank tea;;0
18.03.2016;22:17:00;Saturday;19.03.2016;07:47:00;87%;09:30;;Drank coffee;;0
20.03.2016;22:13:00;Sunday;21.03.2016;07:26:00;80%;09:13;;Drank coffee;;0
21.03.2016;22:37:00;Monday;22.03.2016;07:32:00;80%;08:54;;Drank coffee;;0
22.03.2016;21:22:00;Tuesday;23.03.2016;06:19:00;80%;08:56;;Drank coffee:Drank tea;;0
23.03.2016;22:06:00;Wednesday;24.03.2016;05:20:00;65%;07:13;;Drank coffee:Drank tea:Worked out;;0
27.03.2016;23:28:00;Thursday;28.03.2016;07:30:00;82%;08:01;;Drank coffee;;0
28.03.2016;23:32:00;Friday;29.03.2016;06:29:00;75%;06:56;;Drank coffee:Stressful day:Worked out;;0
29.03.2016;23:12:00;Saturday;30.03.2016;06:25:00;66%;07:13;;Drank coffee:Worked out;;0
30.03.2016;22:58:00;Sunday;31.03.2016;06:25:00;58%;07:26;;Drank coffee:Drank tea:Worked out;;0
31.03.2016;22:47:00;Monday;01.04.2016;06:30:00;89%;07:42;;Drank coffee:Drank tea:Worked out;;0
02.04.2016;21:20:00;Tuesday;03.04.2016;07:08:00;86%;09:47;;Drank coffee;;0
03.04.2016;21:44:00;Wednesday;04.04.2016;06:24:00;67%;08:39;;Drank coffee;;0
04.04.2016;21:23:00;Thursday;05.04.2016;06:29:00;62%;09:05;;Drank coffee;;0
05.04.2016;21:13:00;Friday;06.04.2016;06:24:00;81%;09:11;;Drank coffee:Worked out;;0
06.04.2016;23:00:00;Saturday;07.04.2016;05:55:00;73%;06:55;;Drank coffee:Drank tea:Worked out;;0
07.04.2016;21:48:00;Sunday;08.04.2016;05:49:00;81%;08:00;;Ate late:Drank coffee:Drank tea:Worked out;;0
09.04.2016;00:51:00;Monday;09.04.2016;07:21:00;53%;06:30;;Drank coffee:Drank tea:Worked out;;0
09.04.2016;22:59:00;Tuesday;10.04.2016;07:59:00;94%;09:00;;Drank coffee:Drank tea:Worked out;;0
10.04.2016;22:04:00;Wednesday;11.04.2016;05:16:00;67%;07:12;;Drank tea;;0
11.04.2016;22:35:00;Thursday;12.04.2016;05:54:00;82%;07:19;;Drank coffee:Drank tea:Stressful day:Worked out;;0
12.04.2016;22:18:00;Friday;13.04.2016;05:52:00;85%;07:33;;Drank coffee:Drank tea:Worked out;;0
13.04.2016;22:27:00;Saturday;14.04.2016;06:13:00;77%;07:45;;Drank coffee:Drank tea:Worked out;;0
14.04.2016;21:43:00;Sunday;15.04.2016;06:24:00;94%;08:41;;Drank coffee:Drank tea:Stressful day:Worked out;;0
15.04.2016;22:38:00;Monday;16.04.2016;07:25:00;81%;08:47;;Drank coffee:Drank tea;;0
17.04.2016;21:34:00;Tuesday;18.04.2016;06:26:00;75%;08:52;;Drank coffee:Drank tea;;0
19.04.2016;21:21:00;Wednesday;20.04.2016;06:20:00;79%;08:59;;Drank coffee:Drank tea:Worked out;;0
20.04.2016;21:25:00;Thursday;21.04.2016;05:35:00;81%;08:09;;Ate late:Drank coffee:Drank tea:Worked out;;0
21.04.2016;21:54:00;Friday;22.04.2016;05:35:00;79%;07:40;;;;0
22.04.2016;05:37:00;Saturday;22.04.2016;06:20:00;9%;00:42;;;;0
23.04.2016;00:46:00;Sunday;23.04.2016;07:54:00;65%;07:07;;Drank coffee:Drank tea:Worked out;;0
24.04.2016;22:30:00;Monday;25.04.2016;06:14:00;81%;07:43;;Drank tea;;0
25.04.2016;22:07:00;Tuesday;26.04.2016;05:39:00;87%;07:31;;Ate late:Drank coffee:Drank tea:Worked out;;0
26.04.2016;22:48:00;Wednesday;27.04.2016;06:20:00;74%;07:32;;Drank coffee:Drank tea:Worked out;;0
27.04.2016;22:24:00;Thursday;28.04.2016;06:25:00;92%;08:01;;Drank coffee:Drank tea:Worked out;;0
28.04.2016;22:23:00;Friday;29.04.2016;06:17:00;95%;07:53;;Drank coffee:Drank tea:Worked out;;0
29.04.2016;22:47:00;Saturday;30.04.2016;05:57:00;81%;07:09;;Drank coffee:Drank tea:Worked out;;0
01.05.2016;21:27:00;Sunday;02.05.2016;06:15:00;95%;08:47;;Drank coffee:Worked out;;0
02.05.2016;21:50:00;Monday;03.05.2016;06:20:00;85%;08:29;;Drank coffee:Worked out;;0
03.05.2016;22:19:00;Tuesday;04.05.2016;06:20:00;79%;08:01;;Drank coffee:Worked out;;0
04.05.2016;22:16:00;Wednesday;05.05.2016;06:30:00;83%;08:13;;Drank coffee:Drank tea:Worked out;;0
05.05.2016;22:20:00;Thursday;06.05.2016;06:15:00;89%;07:54;;Ate late:Drank coffee;;0
06.05.2016;23:07:00;Friday;07.05.2016;07:08:00;87%;08:00;;Drank coffee:Drank tea:Stressful day:Worked out;;0
07.05.2016;23:20:00;Saturday;08.05.2016;07:12:00;93%;07:51;;Drank coffee:Drank tea;;0
08.05.2016;23:44:00;Sunday;09.05.2016;06:20:00;74%;06:36;;Drank coffee:Drank tea;;0
09.05.2016;22:10:00;Monday;10.05.2016;05:41:00;83%;07:30;;Drank coffee:Drank tea:Worked out;;0
10.05.2016;23:10:00;Tuesday;11.05.2016;05:30:00;74%;06:20;;Drank coffee:Drank tea:Worked out;;0
11.05.2016;22:43:00;Wednesday;12.05.2016;06:25:00;80%;07:41;;Drank coffee:Drank tea:Worked out;;0
12.05.2016;23:50:00;Thursday;13.05.2016;06:50:00;83%;06:59;;Drank coffee:Drank tea:Worked out;;0
13.05.2016;23:08:00;Friday;14.05.2016;07:53:00;100%;08:45;;Drank coffee:Drank tea:Worked out;;0
15.05.2016;21:34:00;Saturday;16.05.2016;06:07:00;81%;08:33;;Drank tea;;0
16.05.2016;21:34:00;Sunday;17.05.2016;06:15:00;85%;08:40;;Drank coffee:Worked out;;0
17.05.2016;20:53:00;Monday;18.05.2016;06:10:00;83%;09:16;;Drank coffee:Worked out;;0
18.05.2016;22:26:00;Tuesday;19.05.2016;05:40:00;79%;07:14;;Drank coffee:Stressful day;;0
20.05.2016;00:00:00;Wednesday;20.05.2016;06:30:00;76%;06:30;;Drank coffee:Worked out;;0
20.05.2016;23:14:00;Thursday;21.05.2016;07:34:00;91%;08:19;;Drank coffee:Worked out;;0
23.05.2016;22:34:00;Friday;24.05.2016;05:30:00;75%;06:55;;Drank coffee;;0
24.05.2016;22:00:00;Saturday;25.05.2016;05:35:00;90%;07:35;;Drank coffee:Worked out;;0
25.05.2016;22:21:00;Sunday;26.05.2016;06:31:00;88%;08:09;;Drank coffee:Worked out;;0
26.05.2016;22:08:00;Monday;27.05.2016;06:19:00;89%;08:11;;Drank coffee:Worked out;;0
28.05.2016;00:19:00;Tuesday;28.05.2016;07:15:00;72%;06:56;;Drank coffee:Worked out;;0
29.05.2016;22:04:00;Wednesday;30.05.2016;06:40:00;100%;08:36;;Drank coffee;;0
30.05.2016;22:07:00;Thursday;31.05.2016;06:08:00;72%;08:00;;Drank coffee:Stressful day;;0
31.05.2016;23:02:00;Friday;01.06.2016;06:31:00;70%;07:28;;Drank coffee:Worked out;;0
01.06.2016;23:01:00;Saturday;02.06.2016;05:48:00;67%;06:46;;Drank coffee:Worked out;;0
02.06.2016;22:51:00;Sunday;03.06.2016;05:31:00;65%;06:39;;Drank coffee:Worked out;;0
05.06.2016;22:33:00;Monday;06.06.2016;05:51:00;71%;07:18;;Worked out;;0
06.06.2016;23:26:00;Tuesday;07.06.2016;05:31:00;70%;06:05;;Drank coffee:Worked out;;0
07.06.2016;22:32:00;Wednesday;08.06.2016;05:32:00;77%;06:59;;Drank coffee:Worked out;;0
08.06.2016;21:56:00;Thursday;09.06.2016;06:16:00;76%;08:20;;Drank coffee:Worked out;;0
09.06.2016;22:07:00;Friday;10.06.2016;06:35:00;87%;08:27;;Ate late:Drank coffee:Worked out;;0
11.06.2016;22:42:00;Saturday;12.06.2016;08:41:00;93%;09:58;;Drank tea;;0
12.06.2016;22:52:00;Sunday;13.06.2016;06:32:00;77%;07:39;;Drank tea;;0
13.06.2016;22:03:00;Monday;14.06.2016;06:26:00;82%;08:22;;Drank tea:Worked out;;0
14.06.2016;22:32:00;Tuesday;15.06.2016;06:30:00;68%;07:58;;Drank coffee:Drank tea;;0
16.06.2016;00:46:00;Wednesday;16.06.2016;06:25:00;64%;05:38;;Drank coffee:Drank tea:Worked out;;0
16.06.2016;22:06:00;Thursday;17.06.2016;06:01:00;83%;07:54;;Drank coffee:Drank tea:Worked out;;0
17.06.2016;23:28:00;Friday;18.06.2016;07:23:00;79%;07:54;;Drank coffee:Drank tea:Worked out;;0
19.06.2016;23:00:00;Saturday;20.06.2016;06:00:00;74%;06:59;;Drank coffee;;0
20.06.2016;22:34:00;Sunday;21.06.2016;05:50:00;83%;07:15;;Drank coffee:Worked out;;0
21.06.2016;22:11:00;Monday;22.06.2016;05:40:00;83%;07:29;;Drank coffee:Worked out;;0
22.06.2016;22:41:00;Tuesday;23.06.2016;06:22:00;82%;07:41;;Drank coffee:Worked out;;0
23.06.2016;22:32:00;Wednesday;24.06.2016;06:32:00;86%;08:00;;Drank coffee:Worked out;;0
26.06.2016;22:16:00;Thursday;27.06.2016;06:30:00;64%;08:14;;Drank coffee;;0
27.06.2016;23:48:00;Friday;28.06.2016;06:47:00;62%;06:58;;Drank coffee:Stressful day:Worked out;;0
28.06.2016;23:10:00;Saturday;29.06.2016;06:35:00;77%;07:25;;Drank coffee:Worked out;;0
29.06.2016;22:32:00;Sunday;30.06.2016;05:55:00;83%;07:23;;Drank coffee:Stressful day:Worked out;;0
01.07.2016;23:32:00;Monday;02.07.2016;07:32:00;90%;08:00;;Drank coffee;;0
03.07.2016;21:49:00;Tuesday;04.07.2016;06:02:00;86%;08:12;;;;0
04.07.2016;21:39:00;Wednesday;05.07.2016;05:50:00;85%;08:11;;Drank coffee:Worked out;;0
05.07.2016;22:48:00;Thursday;06.07.2016;06:05:00;75%;07:16;;Drank coffee:Stressful day:Worked out;;0
06.07.2016;22:13:00;Friday;07.07.2016;06:15:00;92%;08:02;;Drank coffee:Worked out;;0
07.07.2016;22:53:00;Saturday;08.07.2016;07:05:00;96%;08:12;;Drank coffee:Worked out;;0
10.07.2016;22:18:00;Sunday;11.07.2016;06:17:00;85%;07:59;;Drank coffee;;0
11.07.2016;21:24:00;Monday;12.07.2016;06:15:00;99%;08:50;;Drank coffee:Worked out;;0
12.07.2016;22:02:00;Tuesday;13.07.2016;06:15:00;96%;08:13;;Drank coffee:Worked out;;0
13.07.2016;23:13:00;Wednesday;14.07.2016;06:15:00;78%;07:02;;Drank coffee:Worked out;;0
14.07.2016;22:39:00;Thursday;15.07.2016;06:15:00;84%;07:35;;Drank coffee:Stressful day:Worked out;;0
16.07.2016;00:32:00;Friday;16.07.2016;08:19:00;87%;07:47;;Drank coffee:Worked out;;0
16.07.2016;23:20:00;Saturday;17.07.2016;07:31:00;98%;08:10;;Drank coffee:Worked out;;0
17.07.2016;22:23:00;Sunday;18.07.2016;06:00:00;76%;07:37;;Drank coffee:Worked out;;0
18.07.2016;22:57:00;Monday;19.07.2016;06:05:00;77%;07:08;;Drank coffee:Stressful day:Worked out;;0
19.07.2016;22:36:00;Tuesday;20.07.2016;05:50:00;77%;07:14;;Drank coffee:Worked out;;0
20.07.2016;22:25:00;Wednesday;21.07.2016;05:56:00;82%;07:30;;Drank coffee:Worked out;;0
21.07.2016;23:07:00;Thursday;22.07.2016;07:00:00;87%;07:52;;Drank coffee:Worked out;;0
22.07.2016;22:20:00;Friday;23.07.2016;07:56:00;99%;09:35;;Drank coffee;;0
23.07.2016;23:47:00;Saturday;24.07.2016;07:56:00;74%;08:09;;Drank coffee;;0
24.07.2016;22:45:00;Sunday;25.07.2016;06:14:00;81%;07:28;;Drank coffee:Worked out;;0
25.07.2016;21:54:00;Monday;26.07.2016;06:02:00;86%;08:07;;Drank coffee:Worked out;;0
26.07.2016;23:03:00;Tuesday;27.07.2016;06:11:00;84%;07:07;;Drank coffee:Worked out;;0
27.07.2016;22:49:00;Wednesday;28.07.2016;07:11:00;95%;08:21;;Drank coffee:Stressful day:Worked out;;0
28.07.2016;22:25:00;Thursday;29.07.2016;03:35:00;35%;05:10;;Drank coffee;;0
16.08.2016;22:05:00;Friday;17.08.2016;05:50:00;96%;07:44;;Drank coffee:Drank tea:Stressful day;;0
17.08.2016;22:42:00;Saturday;18.08.2016;06:15:00;78%;07:33;;Ate late:Drank coffee:Worked out;;7200
18.08.2016;21:58:00;Sunday;19.08.2016;06:23:00;36%;08:24;;Drank coffee:Worked out;;3444
20.08.2016;22:04:00;Monday;21.08.2016;08:33:00;56%;10:28;;Drank coffee;;7901
21.08.2016;22:08:00;Tuesday;22.08.2016;06:20:00;52%;08:11;;Drank coffee:Drank tea;;3786
22.08.2016;22:13:00;Wednesday;23.08.2016;06:22:00;35%;08:09;;Drank coffee:Worked out;;2668
23.08.2016;23:08:00;Thursday;24.08.2016;06:38:00;51%;07:30;;Drank coffee:Worked out;;4213
24.08.2016;21:51:00;Friday;25.08.2016;06:10:00;54%;08:19;;Drank coffee:Worked out;;2210
25.08.2016;22:06:00;Saturday;26.08.2016;06:19:00;55%;08:13;;Drank coffee:Worked out;;3040
26.08.2016;23:49:00;Sunday;27.08.2016;07:26:00;46%;07:37;;Drank coffee:Worked out;;3887
27.08.2016;23:52:00;Monday;28.08.2016;08:25:00;48%;08:33;;Drank coffee;;5631
28.08.2016;22:52:00;Tuesday;29.08.2016;06:40:00;36%;07:48;;Drank coffee;;10059
29.08.2016;22:10:00;Wednesday;30.08.2016;06:20:00;40%;08:09;;Drank coffee:Worked out;;3698
30.08.2016;22:21:00;Thursday;31.08.2016;06:20:00;49%;07:59;;Drank coffee:Worked out;;4399
31.08.2016;22:33:00;Friday;01.09.2016;06:20:00;49%;07:47;;Drank coffee:Worked out;;4015
01.09.2016;23:08:00;Saturday;02.09.2016;05:58:00;54%;06:50;;Drank coffee:Worked out;;4374
02.09.2016;22:38:00;Sunday;03.09.2016;07:47:00;67%;09:09;;Drank coffee;;5038
04.09.2016;23:28:00;Monday;05.09.2016;08:00:00;61%;08:32;;Drank coffee;;827
05.09.2016;21:00:00;Tuesday;06.09.2016;06:20:00;41%;09:20;;Drank tea:Worked out;;2542
06.09.2016;22:11:00;Wednesday;07.09.2016;06:22:00;70%;08:10;;Drank tea:Worked out;;7370
07.09.2016;22:31:00;Thursday;08.09.2016;06:21:00;69%;07:50;;Drank tea:Worked out;;5658
08.09.2016;22:28:00;Friday;09.09.2016;06:10:00;61%;07:41;;Drank tea:Worked out;;7107
10.09.2016;00:45:00;Saturday;10.09.2016;07:06:00;58%;06:21;;Drank coffee:Worked out;;7048
10.09.2016;22:44:00;Sunday;11.09.2016;06:01:00;33%;07:17;;Drank tea;;6925
11.09.2016;23:05:00;Monday;12.09.2016;06:20:00;60%;07:14;;Drank coffee;;1130
12.09.2016;22:46:00;Tuesday;13.09.2016;06:20:00;67%;07:34;;Drank tea:Worked out;;7025
13.09.2016;21:55:00;Wednesday;14.09.2016;06:07:00;59%;08:12;;Drank tea:Worked out;;5955
14.09.2016;22:26:00;Thursday;15.09.2016;06:20:00;65%;07:53;;Drank tea:Worked out;;9243
17.09.2016;22:26:00;Friday;18.09.2016;08:22:00;70%;09:56;;Drank coffee;;908
18.09.2016;22:28:00;Saturday;19.09.2016;06:24:00;57%;07:55;;Drank coffee:Worked out;;2191
19.09.2016;22:14:00;Sunday;20.09.2016;06:22:00;60%;08:07;;Drank tea:Worked out;;11650
20.09.2016;22:39:00;Monday;21.09.2016;06:15:00;57%;07:36;;Drank tea:Worked out;;10842
21.09.2016;22:11:00;Tuesday;22.09.2016;06:11:00;60%;07:59;;Drank tea;;5765
22.09.2016;22:26:00;Wednesday;23.09.2016;06:55:00;70%;08:29;;Drank tea:Worked out;;8047
25.09.2016;22:53:00;Thursday;26.09.2016;06:24:00;58%;07:31;;Drank coffee:Drank tea:Worked out;;359
26.09.2016;22:17:00;Friday;27.09.2016;06:20:00;55%;08:03;;Drank tea:Stressful day:Worked out;;8733
27.09.2016;22:22:00;Saturday;28.09.2016;06:06:00;55%;07:44;;Drank tea:Worked out;;6963
28.09.2016;23:10:00;Sunday;29.09.2016;06:20:00;60%;07:09;;Drank coffee:Drank tea:Worked out;;10392
29.09.2016;22:50:00;Monday;30.09.2016;06:20:00;53%;07:29;;Drank coffee:Worked out;;7230
01.10.2016;00:06:00;Tuesday;01.10.2016;08:27:00;67%;08:20;;Drank coffee:Drank tea:Worked out;;7255
01.10.2016;23:23:00;Wednesday;02.10.2016;07:50:00;55%;08:26;;Drank coffee;;4555
02.10.2016;23:29:00;Thursday;03.10.2016;06:25:00;54%;06:56;;Drank coffee:Drank tea;;8954
03.10.2016;22:24:00;Friday;04.10.2016;06:03:00;62%;07:38;;Drank coffee:Drank tea:Worked out;;9726
04.10.2016;21:53:00;Saturday;05.10.2016;06:21:00;66%;08:28;;Drank tea:Worked out;;8587
05.10.2016;22:33:00;Sunday;06.10.2016;06:21:00;54%;07:48;;Drank tea:Worked out;;8612
07.10.2016;00:07:00;Monday;07.10.2016;06:40:00;52%;06:33;;Drank tea:Worked out;;8737
07.10.2016;23:18:00;Tuesday;08.10.2016;07:20:00;71%;08:02;;Drank coffee:Drank tea:Worked out;;10375
10.10.2016;22:38:00;Wednesday;11.10.2016;06:28:00;59%;07:49;;Drank coffee:Drank tea:Worked out;;21870
11.10.2016;22:28:00;Thursday;12.10.2016;06:14:00;56%;07:45;;Drank tea:Worked out;;10106
12.10.2016;22:48:00;Friday;13.10.2016;06:05:00;65%;07:16;;Drank coffee:Worked out;;9308
13.10.2016;22:26:00;Saturday;14.10.2016;06:30:00;61%;08:04;;Drank coffee:Worked out;;8406
15.10.2016;23:00:00;Sunday;16.10.2016;07:31:00;71%;08:30;;Drank coffee;;779
16.10.2016;22:52:00;Monday;17.10.2016;06:20:00;50%;07:27;;Drank coffee:Drank tea;;3932
17.10.2016;22:53:00;Tuesday;18.10.2016;06:27:00;63%;07:34;;Drank coffee:Drank tea:Worked out;;10266
18.10.2016;22:34:00;Wednesday;19.10.2016;06:10:00;67%;07:35;;Drank coffee:Stressful day:Worked out;;10540
19.10.2016;22:13:00;Thursday;20.10.2016;05:49:00;64%;07:35;;Drank coffee:Worked out;;8164
20.10.2016;22:14:00;Friday;21.10.2016;06:33:00;67%;08:19;;Drank coffee:Drank tea:Worked out;;7271
22.10.2016;01:38:00;Saturday;22.10.2016;07:18:00;54%;05:39;;Drank coffee:Drank tea;;6044
23.10.2016;00:07:00;Sunday;23.10.2016;08:47:00;81%;08:40;;Drank coffee;;7682
23.10.2016;22:21:00;Monday;24.10.2016;06:23:00;66%;08:01;;Drank coffee:Drank tea;;6719
24.10.2016;23:04:00;Tuesday;25.10.2016;06:25:00;65%;07:21;;Drank coffee:Drank tea:Worked out;;8273
25.10.2016;22:48:00;Wednesday;26.10.2016;06:35:00;69%;07:46;;Drank tea:Worked out;;6366
26.10.2016;22:55:00;Thursday;27.10.2016;06:26:00;72%;07:30;;Drank coffee:Drank tea:Worked out;;9368
27.10.2016;23:03:00;Friday;28.10.2016;06:35:00;63%;07:32;;Drank coffee:Drank tea:Worked out;;7967
29.10.2016;00:16:00;Saturday;29.10.2016;07:51:00;66%;07:34;;Drank coffee:Drank tea;;8641
30.10.2016;22:46:00;Sunday;31.10.2016;06:10:00;68%;07:23;;Drank coffee:Worked out;;1283
01.11.2016;22:19:00;Monday;02.11.2016;05:57:00;68%;07:37;;Drank tea:Stressful day:Worked out;;4542
02.11.2016;22:52:00;Tuesday;03.11.2016;06:30:00;72%;07:38;;Drank coffee:Drank tea:Stressful day;;2870
04.11.2016;00:13:00;Wednesday;04.11.2016;06:15:00;52%;06:01;;Drank coffee:Drank tea:Stressful day;;10506
04.11.2016;22:49:00;Thursday;05.11.2016;07:58:00;80%;09:08;;Drank coffee:Stressful day;;6716
06.11.2016;21:58:00;Friday;07.11.2016;05:47:00;65%;07:49;;Drank coffee;;6623
07.11.2016;22:16:00;Saturday;08.11.2016;05:51:00;70%;07:35;;Drank tea:Worked out;;6608
08.11.2016;22:51:00;Sunday;09.11.2016;05:48:00;62%;06:56;;Drank coffee:Drank tea:Worked out;;7119
09.11.2016;22:37:00;Monday;10.11.2016;05:55:00;65%;07:17;;Drank coffee:Drank tea:Worked out;;8981
10.11.2016;23:58:00;Tuesday;11.11.2016;07:19:00;56%;07:20;;Drank coffee:Drank tea:Worked out;;7385
11.11.2016;23:25:00;Wednesday;12.11.2016;07:16:00;74%;07:51;;Drank coffee:Drank tea;;737
15.11.2016;22:14:00;Thursday;16.11.2016;07:35:00;72%;09:20;;Drank tea;;5274
16.11.2016;23:10:00;Friday;17.11.2016;07:07:00;70%;07:56;;Drank coffee;;2670
17.11.2016;23:15:00;Saturday;18.11.2016;06:59:00;73%;07:44;;Drank tea;;5825
18.11.2016;23:37:00;Sunday;19.11.2016;07:13:00;70%;07:36;;Drank coffee:Drank tea;;5971
19.11.2016;23:47:00;Monday;20.11.2016;07:53:00;81%;08:05;;Drank tea;;1540
20.11.2016;23:00:00;Tuesday;21.11.2016;07:02:00;80%;08:01;;Drank coffee:Drank tea;;847
21.11.2016;22:38:00;Wednesday;22.11.2016;05:40:00;68%;07:01;;Drank coffee:Drank tea;;6149
22.11.2016;21:26:00;Thursday;23.11.2016;05:40:00;80%;08:13;;Drank tea:Worked out;;10585
23.11.2016;22:44:00;Friday;24.11.2016;06:10:00;73%;07:25;;Drank coffee:Drank tea:Worked out;;10248
24.11.2016;22:00:00;Saturday;25.11.2016;06:39:00;88%;08:39;;Drank tea:Worked out;;6536
25.11.2016;23:09:00;Sunday;26.11.2016;07:40:00;89%;08:30;;Drank coffee:Drank tea;;5628
27.11.2016;22:01:00;Monday;28.11.2016;06:18:00;75%;08:16;;Drank tea;;595
28.11.2016;22:35:00;Tuesday;29.11.2016;06:26:00;83%;07:50;;Drank tea:Worked out;;7499
29.11.2016;23:33:00;Wednesday;30.11.2016;06:31:00;71%;06:57;;Drank tea;;3196
30.11.2016;21:12:00;Thursday;01.12.2016;05:13:00;89%;08:01;;Drank coffee:Drank tea;;3763
01.12.2016;05:14:00;Friday;01.12.2016;06:38:00;17%;01:24;;;;3763
01.12.2016;21:40:00;Saturday;02.12.2016;05:11:00;71%;07:31;;Drank tea;;4904
04.12.2016;01:18:00;Sunday;04.12.2016;09:20:00;89%;08:02;;Drank coffee:Drank tea;;3158
04.12.2016;21:45:00;Monday;05.12.2016;05:45:00;78%;08:00;;Drank tea;;4514
05.12.2016;21:44:00;Tuesday;06.12.2016;05:40:00;79%;07:55;;Drank tea:Worked out;;7137
06.12.2016;22:13:00;Wednesday;07.12.2016;05:46:00;72%;07:32;;Drank tea:Worked out;;7709
07.12.2016;22:46:00;Thursday;08.12.2016;06:19:00;82%;07:32;;Drank coffee:Drank tea:Worked out;;10521
08.12.2016;23:32:00;Friday;09.12.2016;06:47:00;69%;07:15;;Drank coffee:Drank tea:Worked out;;9338
09.12.2016;22:48:00;Saturday;10.12.2016;08:11:00;79%;09:23;;Drank tea;;4629
11.12.2016;01:07:00;Sunday;11.12.2016;08:27:00;82%;07:19;;Drank coffee:Worked out;;5776
11.12.2016;22:14:00;Monday;12.12.2016;06:16:00;85%;08:01;;Drank tea;;168
12.12.2016;22:56:00;Tuesday;13.12.2016;06:35:00;81%;07:38;;Drank coffee:Drank tea;;6964
13.12.2016;22:02:00;Wednesday;14.12.2016;06:05:00;83%;08:02;;Drank coffee:Drank tea:Worked out;;3448
14.12.2016;21:57:00;Thursday;15.12.2016;06:18:00;74%;08:20;;Drank tea;;4114
15.12.2016;21:29:00;Friday;16.12.2016;05:00:00;75%;07:31;;Drank tea;;7112
18.12.2016;22:35:00;Saturday;19.12.2016;05:47:00;78%;07:11;;Drank coffee:Drank tea;;3391
19.12.2016;21:49:00;Sunday;20.12.2016;06:35:00;96%;08:46;;Drank tea;;2335
20.12.2016;23:48:00;Monday;21.12.2016;07:09:00;84%;07:20;;Drank tea;;7293
21.12.2016;23:56:00;Tuesday;22.12.2016;07:30:00;86%;07:33;;Drank coffee:Drank tea;;8488
22.12.2016;23:07:00;Wednesday;23.12.2016;07:07:00;74%;08:00;;Drank coffee:Drank tea:Stressful day;;5701
27.12.2016;23:17:00;Thursday;28.12.2016;07:22:00;69%;08:05;;Drank coffee:Drank tea;;4509
30.12.2016;23:25:00;Friday;31.12.2016;08:26:00;92%;09:00;;Drank coffee:Drank tea;;3868
02.01.2017;22:35:00;Saturday;03.01.2017;05:10:00;73%;06:34;;Drank coffee:Drank tea;;5216
03.01.2017;05:11:00;Sunday;03.01.2017;06:30:00;17%;01:19;;;;5216
03.01.2017;21:47:00;Monday;04.01.2017;05:57:00;87%;08:09;;Drank tea;;3669
04.01.2017;22:40:00;Tuesday;05.01.2017;06:10:00;87%;07:29;;Drank coffee:Drank tea:Worked out;;10856
05.01.2017;22:39:00;Wednesday;06.01.2017;06:42:00;93%;08:02;;Drank tea:Worked out;;7787
06.01.2017;23:14:00;Thursday;07.01.2017;08:43:00;90%;09:29;;Drank coffee:Drank tea;;10344
08.01.2017;00:34:00;Friday;08.01.2017;07:56:00;79%;07:22;;Drank tea;;3094
08.01.2017;22:07:00;Saturday;09.01.2017;06:23:00;84%;08:16;;Drank tea;;202
09.01.2017;22:42:00;Sunday;10.01.2017;06:40:00;65%;07:57;;Drank coffee:Drank tea;;7122
10.01.2017;22:20:00;Monday;11.01.2017;06:14:00;84%;07:54;;Drank coffee:Drank tea;;1734
11.01.2017;22:14:00;Tuesday;12.01.2017;05:22:00;73%;07:07;;Drank coffee:Drank tea;;2562
12.01.2017;22:13:00;Wednesday;13.01.2017;05:31:00;64%;07:17;;Ate late:Drank coffee:Drank tea;;8076
13.01.2017;23:27:00;Thursday;14.01.2017;07:22:00;89%;07:54;;Drank tea:Worked out;;12802
15.01.2017;23:25:00;Friday;16.01.2017;06:58:00;74%;07:32;;Drank coffee:Drank tea:Worked out;;12258
16.01.2017;21:58:00;Saturday;17.01.2017;05:11:00;71%;07:12;;Drank tea;;4540
17.01.2017;05:12:00;Sunday;17.01.2017;07:20:00;24%;02:08;;;;4540
17.01.2017;22:23:00;Monday;18.01.2017;05:01:00;57%;06:37;;Drank tea;;173
18.01.2017;22:22:00;Tuesday;19.01.2017;06:31:00;76%;08:09;;Drank tea;;6368
19.01.2017;22:14:00;Wednesday;20.01.2017;06:30:00;92%;08:15;;Drank coffee:Drank tea;;1740
20.01.2017;23:07:00;Thursday;21.01.2017;07:45:00;78%;08:38;;Drank tea;;5056
21.01.2017;23:12:00;Friday;22.01.2017;07:42:00;96%;08:29;;Drank tea;;4223
22.01.2017;22:03:00;Saturday;23.01.2017;06:25:00;64%;08:22;;Drank tea;;4336
23.01.2017;22:34:00;Sunday;24.01.2017;06:09:00;89%;07:35;;Drank coffee:Drank tea;;4772
24.01.2017;22:55:00;Monday;25.01.2017;06:13:00;84%;07:17;;Drank coffee:Drank tea;;3492
25.01.2017;20:54:00;Tuesday;26.01.2017;05:09:00;85%;08:15;;Drank tea:Worked out;;6010
26.01.2017;22:12:00;Wednesday;27.01.2017;04:58:00;54%;06:45;;Drank coffee:Drank tea:Worked out;;4200
27.01.2017;04:58:00;Thursday;27.01.2017;06:40:00;21%;01:42;;;;4200
27.01.2017;23:22:00;Friday;28.01.2017;07:25:00;91%;08:02;;Drank coffee:Drank tea;;4573
30.01.2017;23:27:00;Saturday;31.01.2017;06:01:00;63%;06:34;;Drank coffee;;3228
31.01.2017;22:44:00;Sunday;01.02.2017;06:20:00;78%;07:36;;Drank coffee:Drank tea:Worked out;;5379
01.02.2017;22:41:00;Monday;02.02.2017;06:10:00;74%;07:29;;Drank coffee:Drank tea:Worked out;;7521
02.02.2017;22:19:00;Tuesday;03.02.2017;06:31:00;85%;08:11;;Drank coffee:Drank tea;;2309
03.02.2017;23:58:00;Wednesday;04.02.2017;07:08:00;80%;07:09;;Drank coffee:Drank tea;;2983
04.02.2017;23:45:00;Thursday;05.02.2017;07:20:00;68%;07:35;;Drank coffee:Drank tea;;6833
05.02.2017;22:53:00;Friday;06.02.2017;06:30:00;75%;07:36;;Drank coffee:Drank tea;;7665
06.02.2017;22:30:00;Saturday;07.02.2017;06:20:00;71%;07:50;;Ate late:Drank coffee:Drank tea:Worked out;;7552
07.02.2017;23:34:00;Sunday;08.02.2017;06:30:00;71%;06:55;;Drank coffee:Drank tea;;5339
08.02.2017;23:46:00;Monday;09.02.2017;06:27:00;68%;06:40;;Drank coffee:Drank tea;;4076
09.02.2017;22:31:00;Tuesday;10.02.2017;05:00:00;62%;06:28;;Drank coffee:Drank tea:Stressful day:Worked out;;12892
10.02.2017;05:00:00;Wednesday;10.02.2017;06:36:00;21%;01:36;;;;12892
10.02.2017;22:37:00;Thursday;11.02.2017;07:07:00;100%;08:30;;Drank tea;;3417
12.02.2017;21:49:00;Friday;13.02.2017;07:06:00;63%;09:16;;Drank coffee:Drank tea;;2756
13.02.2017;21:51:00;Saturday;14.02.2017;05:02:00;74%;07:10;;Drank coffee:Drank tea;;6003
14.02.2017;05:02:00;Sunday;14.02.2017;06:36:00;12%;01:33;;;;6003
14.02.2017;23:17:00;Monday;15.02.2017;06:13:00;59%;06:55;;Drank coffee:Drank tea;;3588
15.02.2017;22:36:00;Tuesday;16.02.2017;06:25:00;44%;07:48;;Drank coffee:Drank tea;;5558
16.02.2017;22:33:00;Wednesday;17.02.2017;06:31:00;83%;07:58;;Drank coffee:Drank tea;;3301
17.02.2017;23:49:00;Thursday;18.02.2017;08:09:00;93%;08:20;;Drank coffee:Drank tea;;3027
19.02.2017;00:28:00;Friday;19.02.2017;08:16:00;79%;07:48;;Drank tea;;3361
19.02.2017;22:12:00;Saturday;20.02.2017;06:16:00;66%;08:04;;Drank coffee:Drank tea;;460
20.02.2017;22:43:00;Sunday;21.02.2017;06:27:00;76%;07:43;;Drank tea;;7419
21.02.2017;23:14:00;Monday;22.02.2017;06:26:00;72%;07:11;;Drank coffee:Drank tea;;5499
22.02.2017;21:30:00;Tuesday;23.02.2017;05:02:00;83%;07:31;;Drank tea;;4258
23.02.2017;22:15:00;Wednesday;24.02.2017;05:34:00;81%;07:19;;Drank coffee:Drank tea;;5862
24.02.2017;05:34:00;Thursday;24.02.2017;06:30:00;12%;00:55;;;;5862
25.02.2017;02:46:00;Friday;25.02.2017;09:52:00;80%;07:06;;Ate late:Drank coffee:Drank tea:Worked out;;6388
26.02.2017;00:40:00;Saturday;26.02.2017;07:47:00;77%;07:07;;Drank tea;;4275
27.02.2017;22:16:00;Sunday;28.02.2017;05:50:00;81%;07:34;;Drank coffee;;2499
28.02.2017;21:39:00;Monday;01.03.2017;05:40:00;87%;08:01;;Drank coffee:Drank tea:Worked out;;7351
01.03.2017;05:43:00;Tuesday;01.03.2017;06:40:00;12%;00:57;;;;7351
01.03.2017;22:23:00;Wednesday;02.03.2017;06:30:00;85%;08:07;;Drank coffee:Drank tea;;6109
02.03.2017;22:22:00;Thursday;03.03.2017;06:18:00;81%;07:55;;Drank coffee:Drank tea:Worked out;;6388
05.03.2017;00:12:00;Friday;05.03.2017;08:28:00;96%;08:16;;Drank coffee:Drank tea;;6785
05.03.2017;22:01:00;Saturday;06.03.2017;06:08:00;93%;08:07;;Drank coffee:Drank tea;;171
06.03.2017;22:01:00;Sunday;07.03.2017;06:22:00;97%;08:21;;Drank coffee:Drank tea;;4670
07.03.2017;22:13:00;Monday;08.03.2017;06:15:00;90%;08:01;;Drank coffee:Drank tea:Worked out;;7000
08.03.2017;21:13:00;Tuesday;09.03.2017;06:18:00;85%;09:05;;Drank coffee:Drank tea;;3744
09.03.2017;21:48:00;Wednesday;10.03.2017;05:01:00;71%;07:13;;Drank coffee:Drank tea:Worked out;;7028
10.03.2017;22:42:00;Thursday;11.03.2017;06:57:00;86%;08:14;;Drank coffee:Drank tea;;2679
12.03.2017;22:39:00;Friday;13.03.2017;06:33:00;80%;07:53;;Drank coffee:Drank tea;;1572
13.03.2017;21:20:00;Saturday;14.03.2017;05:02:00;81%;07:42;;Drank tea:Worked out;;6212
14.03.2017;21:06:00;Sunday;15.03.2017;05:23:00;89%;08:17;;Drank tea:Worked out;;5933
15.03.2017;22:33:00;Monday;16.03.2017;06:17:00;71%;07:44;;Drank coffee:Drank tea:Worked out;;9185
16.03.2017;22:33:00;Tuesday;17.03.2017;06:37:00;95%;08:04;;Drank coffee:Drank tea:Worked out;;7887
17.03.2017;22:55:00;Wednesday;18.03.2017;08:02:00;99%;09:07;;Drank coffee:Drank tea;;10528
18.03.2017;22:26:00;Thursday;19.03.2017;07:21:00;89%;08:54;;Drank tea;;302
20.03.2017;00:02:00;Friday;20.03.2017;07:20:00;79%;07:18;;Drank coffee:Drank tea;;2750
20.03.2017;23:35:00;Saturday;21.03.2017;07:16:00;88%;07:41;;Drank coffee:Drank tea;;3695
21.03.2017;23:20:00;Sunday;22.03.2017;06:21:00;79%;07:01;;Drank coffee:Drank tea;;1913
22.03.2017;22:02:00;Monday;23.03.2017;05:15:00;72%;07:12;;Drank tea:Worked out;;7155
23.03.2017;22:20:00;Tuesday;24.03.2017;05:41:00;76%;07:21;;Drank coffee:Drank tea:Worked out;;7810
25.03.2017;23:19:00;Wednesday;26.03.2017;07:16:00;100%;07:56;;Drank coffee:Drank tea;;3549
26.03.2017;22:03:00;Thursday;27.03.2017;05:33:00;83%;07:29;;Drank coffee:Drank tea:Worked out;;3554
27.03.2017;21:19:00;Friday;28.03.2017;05:42:00;78%;08:22;;Drank tea:Worked out;;7562
28.03.2017;22:29:00;Saturday;29.03.2017;05:41:00;78%;07:11;;Drank coffee:Drank tea:Worked out;;7823
29.03.2017;22:29:00;Sunday;30.03.2017;06:04:00;79%;07:34;;Drank coffee:Drank tea:Worked out;;7708
30.03.2017;22:42:00;Monday;31.03.2017;07:33:00;93%;08:51;;Drank coffee:Drank tea:Worked out;;8615
01.04.2017;02:10:00;Tuesday;01.04.2017;08:37:00;80%;06:27;;Drank coffee:Drank tea;;9461
01.04.2017;21:22:00;Wednesday;02.04.2017;07:16:00;95%;09:54;;Drank tea;;4595
02.04.2017;22:01:00;Thursday;03.04.2017;06:20:00;90%;08:19;;Drank coffee:Drank tea:Worked out;;2835
03.04.2017;21:58:00;Friday;04.04.2017;06:01:00;92%;08:03;;Drank tea;;1898
04.04.2017;22:01:00;Saturday;05.04.2017;06:11:00;81%;08:09;;Drank tea:Worked out;;8396
05.04.2017;23:45:00;Sunday;06.04.2017;06:20:00;73%;06:35;;Drank coffee:Drank tea:Worked out;;7948
06.04.2017;23:12:00;Monday;07.04.2017;06:20:00;68%;07:07;;Drank coffee:Drank tea:Worked out;;14408
08.04.2017;00:00:00;Tuesday;08.04.2017;07:30:00;75%;07:29;;Drank coffee:Drank tea:Worked out;;8646
10.04.2017;00:52:00;Wednesday;10.04.2017;06:32:00;65%;05:40;;Drank coffee;;771
10.04.2017;22:21:00;Thursday;11.04.2017;05:41:00;70%;07:19;;Drank tea:Worked out;;11355
11.04.2017;06:03:00;Friday;11.04.2017;06:31:00;6%;00:27;;;;0
11.04.2017;22:39:00;Saturday;12.04.2017;05:55:00;67%;07:16;;;;4153
12.04.2017;21:42:00;Sunday;13.04.2017;06:54:00;74%;09:11;;Drank tea;;1318
13.04.2017;23:52:00;Monday;14.04.2017;08:05:00;83%;08:12;;Drank coffee:Drank tea;;889
14.04.2017;21:45:00;Tuesday;15.04.2017;07:52:00;88%;10:07;;Drank tea;;4787
15.04.2017;23:23:00;Wednesday;16.04.2017;07:05:00;73%;07:42;;Drank tea;;4581
17.04.2017;00:06:00;Thursday;17.04.2017;07:51:00;83%;07:44;;Drank coffee:Drank tea;;1510
17.04.2017;22:12:00;Friday;18.04.2017;05:54:00;66%;07:41;;Drank coffee:Drank tea;;780
18.04.2017;22:43:00;Saturday;19.04.2017;06:20:00;59%;07:36;;Drank coffee:Drank tea:Worked out;;6284
19.04.2017;21:39:00;Sunday;20.04.2017;05:30:00;75%;07:51;;;;8213
20.04.2017;22:15:00;Monday;21.04.2017;05:41:00;75%;07:26;;Drank coffee:Drank tea:Worked out;;7905
21.04.2017;22:36:00;Tuesday;22.04.2017;07:46:00;83%;09:09;;Drank coffee:Drank tea:Worked out;;8072
23.04.2017;00:53:00;Wednesday;23.04.2017;08:38:00;86%;07:44;;Drank coffee:Drank tea;;2666
23.04.2017;22:31:00;Thursday;24.04.2017;06:31:00;75%;07:59;;Drank coffee;;3042
24.04.2017;23:07:00;Friday;25.04.2017;06:34:00;72%;07:27;;Drank coffee:Drank tea:Worked out;;10319
25.04.2017;22:20:00;Saturday;26.04.2017;06:20:00;85%;08:00;;Drank coffee:Drank tea:Worked out;;8358
26.04.2017;22:25:00;Sunday;27.04.2017;06:32:00;68%;08:06;;Drank coffee:Drank tea:Worked out;;7337
27.04.2017;22:48:00;Monday;28.04.2017;06:40:00;64%;07:51;;Drank coffee:Drank tea:Worked out;;6551
28.04.2017;23:39:00;Tuesday;29.04.2017;08:17:00;90%;08:37;;Drank coffee:Drank tea:Stressful day;;3357
29.04.2017;23:39:00;Wednesday;30.04.2017;07:23:00;74%;07:43;;Drank coffee:Drank tea;;2668
30.04.2017;22:28:00;Thursday;01.05.2017;06:16:00;72%;07:47;;Drank coffee:Drank tea:Worked out;;7491
01.05.2017;22:00:00;Friday;02.05.2017;06:17:00;74%;08:16;;Drank coffee:Drank tea:Worked out;;11475
02.05.2017;21:47:00;Saturday;03.05.2017;06:04:00;77%;08:16;;Drank coffee:Drank tea:Worked out;;4810
03.05.2017;22:59:00;Sunday;04.05.2017;06:20:00;59%;07:21;;Drank coffee:Drank tea:Worked out;;6932
04.05.2017;22:37:00;Monday;05.05.2017;06:10:00;73%;07:32;;Drank coffee:Drank tea:Worked out;;5954
06.05.2017;00:25:00;Tuesday;06.05.2017;07:45:00;83%;07:20;;Drank coffee:Drank tea:Worked out;;11070
07.05.2017;21:51:00;Wednesday;08.05.2017;06:10:00;81%;08:18;;Drank coffee;;4310
08.05.2017;22:28:00;Thursday;09.05.2017;06:11:00;66%;07:43;;Drank coffee:Drank tea:Worked out;;8598
09.05.2017;23:33:00;Friday;10.05.2017;06:03:00;64%;06:29;;Drank coffee:Drank tea:Worked out;;6073
10.05.2017;06:04:00;Saturday;10.05.2017;07:45:00;18%;01:40;;;;0
10.05.2017;22:43:00;Sunday;11.05.2017;06:16:00;82%;07:32;;Drank coffee:Drank tea;;2854
11.05.2017;21:52:00;Monday;12.05.2017;06:40:00;95%;08:47;;Drank coffee:Drank tea:Worked out;;4280
13.05.2017;00:42:00;Tuesday;13.05.2017;07:41:00;73%;06:59;;Drank coffee:Drank tea:Worked out;;4068
14.05.2017;00:04:00;Wednesday;14.05.2017;08:11:00;73%;08:06;;Drank tea;;3298
14.05.2017;21:57:00;Thursday;15.05.2017;06:20:00;77%;08:22;;Drank coffee:Drank tea;;3958
15.05.2017;22:55:00;Friday;16.05.2017;06:30:00;75%;07:34;;Drank coffee:Drank tea:Worked out;;7661
16.05.2017;22:41:00;Saturday;17.05.2017;06:17:00;73%;07:36;;Drank tea;;1865
17.05.2017;22:44:00;Sunday;18.05.2017;06:40:00;90%;07:56;;Drank coffee:Drank tea:Worked out;;6764
18.05.2017;23:17:00;Monday;19.05.2017;06:27:00;88%;07:10;;Drank coffee:Drank tea:Stressful day:Worked out;;82
20.05.2017;01:04:00;Tuesday;20.05.2017;08:56:00;73%;07:52;;Drank coffee:Drank tea:Worked out;;5606
22.05.2017;22:29:00;Wednesday;23.05.2017;07:35:00;90%;09:06;;Drank tea:Worked out;;8858
24.05.2017;00:14:00;Thursday;24.05.2017;07:46:00;70%;07:32;;Drank coffee:Worked out;;14276
24.05.2017;22:09:00;Friday;25.05.2017;06:37:00;82%;08:28;;Drank tea:Worked out;;3884
25.05.2017;22:19:00;Saturday;26.05.2017;06:24:00;73%;08:04;;Drank tea:Worked out;;4565
28.05.2017;00:18:00;Sunday;28.05.2017;08:01:00;81%;07:43;;Drank coffee:Worked out;;3770
28.05.2017;22:37:00;Monday;29.05.2017;06:18:00;75%;07:41;;Drank coffee;;1450
29.05.2017;22:28:00;Tuesday;30.05.2017;06:11:00;88%;07:42;;Drank coffee:Stressful day:Worked out;;7711
30.05.2017;21:59:00;Wednesday;31.05.2017;06:20:00;75%;08:21;;Ate late:Drank coffee:Worked out;;6430
31.05.2017;22:26:00;Thursday;01.06.2017;05:45:00;86%;07:19;;Drank coffee:Drank tea:Worked out;;6964
01.06.2017;22:59:00;Friday;02.06.2017;06:40:00;80%;07:41;;Drank coffee:Drank tea:Worked out;;4562
02.06.2017;22:05:00;Saturday;03.06.2017;06:11:00;69%;08:05;;Drank coffee:Drank tea;;1867
03.06.2017;21:56:00;Sunday;04.06.2017;07:13:00;72%;09:16;;Drank coffee:Worked out;;8205
04.06.2017;23:14:00;Monday;05.06.2017;06:21:00;67%;07:06;;Drank coffee;;6705
05.06.2017;22:30:00;Tuesday;06.06.2017;06:17:00;74%;07:47;;Drank coffee:Worked out;;7820
06.06.2017;21:38:00;Wednesday;07.06.2017;05:53:00;76%;08:14;;Drank coffee:Drank tea:Stressful day:Worked out;;5391
07.06.2017;22:54:00;Thursday;08.06.2017;06:34:00;41%;07:40;;Drank coffee:Drank tea:Worked out;;10542
08.06.2017;21:47:00;Friday;09.06.2017;06:17:00;70%;08:30;;Drank tea;;255
10.06.2017;00:07:00;Saturday;10.06.2017;07:55:00;67%;07:47;;;;10427
11.06.2017;22:18:00;Sunday;12.06.2017;06:10:00;78%;07:52;;;;6507
12.06.2017;21:44:00;Monday;13.06.2017;06:17:00;93%;08:32;;;;10373
13.06.2017;22:18:00;Tuesday;14.06.2017;06:12:00;74%;07:54;;;;9204
14.06.2017;22:34:00;Wednesday;15.06.2017;06:13:00;68%;07:38;;;;5027
15.06.2017;22:19:00;Thursday;16.06.2017;06:07:00;76%;07:48;;;;7106
18.06.2017;05:01:00;Friday;18.06.2017;07:34:00;31%;02:33;;;;12153
18.06.2017;07:35:00;Saturday;18.06.2017;08:09:00;7%;00:34;;;;804
18.06.2017;22:22:00;Sunday;19.06.2017;06:02:00;66%;07:39;;;;5251
19.06.2017;22:57:00;Monday;20.06.2017;06:24:00;70%;07:26;;;;6672
20.06.2017;22:31:00;Tuesday;21.06.2017;06:15:00;77%;07:43;;;;7007
21.06.2017;06:16:00;Wednesday;21.06.2017;07:03:00;10%;00:47;;;;0
21.06.2017;22:32:00;Thursday;22.06.2017;06:10:00;72%;07:37;;;;4898
22.06.2017;23:37:00;Friday;23.06.2017;06:38:00;59%;07:00;;;;7064
23.06.2017;23:26:00;Saturday;24.06.2017;07:11:00;74%;07:44;;;;114
25.06.2017;22:08:00;Sunday;26.06.2017;06:18:00;83%;08:10;;;;3403
26.06.2017;21:24:00;Monday;27.06.2017;06:15:00;90%;08:51;;;;6043
27.06.2017;21:52:00;Tuesday;28.06.2017;06:33:00;86%;08:41;;;;8946
28.06.2017;21:53:00;Wednesday;29.06.2017;06:21:00;69%;08:28;;;;7778
29.06.2017;22:32:00;Thursday;30.06.2017;06:33:00;77%;08:00;;;;5510
03.07.2017;00:31:00;Friday;03.07.2017;07:44:00;81%;07:12;;;;17770
03.07.2017;22:37:00;Saturday;04.07.2017;06:18:00;73%;07:41;;;;10604
04.07.2017;22:07:00;Sunday;05.07.2017;05:55:00;74%;07:48;;;;7474
05.07.2017;21:48:00;Monday;06.07.2017;05:43:00;66%;07:55;;;;6430
06.07.2017;22:33:00;Tuesday;07.07.2017;06:31:00;73%;07:57;;;;11076
09.07.2017;22:36:00;Wednesday;10.07.2017;05:59:00;70%;07:22;;;;12647
10.07.2017;22:25:00;Thursday;11.07.2017;06:01:00;74%;07:35;;;;4260
11.07.2017;21:39:00;Friday;12.07.2017;06:06:00;65%;08:26;;;;5504
12.07.2017;23:12:00;Saturday;13.07.2017;06:25:00;67%;07:13;;;;6915
13.07.2017;22:30:00;Sunday;14.07.2017;06:45:00;81%;08:14;;;;3919
15.07.2017;01:10:00;Monday;15.07.2017;07:54:00;78%;06:43;;;;5342
16.07.2017;02:12:00;Tuesday;16.07.2017;07:53:00;69%;05:40;;;;3739
16.07.2017;22:08:00;Wednesday;17.07.2017;06:25:00;70%;08:17;;;;5925
17.07.2017;22:51:00;Thursday;18.07.2017;06:17:00;71%;07:26;;;;4840
18.07.2017;22:00:00;Friday;19.07.2017;06:39:00;84%;08:39;;;;5157
19.07.2017;21:45:00;Saturday;20.07.2017;05:55:00;87%;08:09;;;;4336
22.07.2017;01:06:00;Sunday;22.07.2017;07:54:00;68%;06:48;;;;135
22.07.2017;23:13:00;Monday;23.07.2017;07:10:00;78%;07:57;;;;5579
23.07.2017;21:57:00;Tuesday;24.07.2017;05:49:00;84%;07:51;;;;3901
25.07.2017;05:34:00;Wednesday;25.07.2017;05:55:00;5%;00:21;;;;6485
25.07.2017;22:04:00;Thursday;26.07.2017;05:48:00;87%;07:43;;;;5451
26.07.2017;22:29:00;Friday;27.07.2017;06:05:00;74%;07:35;;;;2899
27.07.2017;21:53:00;Saturday;28.07.2017;05:50:00;51%;07:57;;;;1552
28.07.2017;23:29:00;Sunday;29.07.2017;06:22:00;38%;06:53;;;;5221
29.07.2017;22:00:00;Monday;30.07.2017;06:50:00;72%;08:49;;;;3834
30.07.2017;23:20:00;Tuesday;31.07.2017;06:33:00;89%;07:12;;;;1018
31.07.2017;22:39:00;Wednesday;01.08.2017;06:19:00;82%;07:39;;;;1837
01.08.2017;23:15:00;Thursday;02.08.2017;06:10:00;77%;06:54;;;;893
02.08.2017;22:32:00;Friday;03.08.2017;06:06:00;81%;07:33;;;;5280
03.08.2017;23:14:00;Saturday;04.08.2017;06:32:00;80%;07:18;;;;3584
04.08.2017;22:59:00;Sunday;05.08.2017;07:31:00;76%;08:31;;;;1114
05.08.2017;23:37:00;Monday;06.08.2017;07:38:00;81%;08:00;;;;5152
06.08.2017;23:03:00;Tuesday;07.08.2017;08:12:00;99%;09:08;;;;3045
07.08.2017;23:14:00;Wednesday;08.08.2017;07:41:00;73%;08:26;;;;2429
08.08.2017;22:34:00;Thursday;09.08.2017;06:05:00;81%;07:31;;;;7187
09.08.2017;23:22:00;Friday;10.08.2017;05:53:00;59%;06:30;;;;4488
12.08.2017;22:58:00;Saturday;13.08.2017;06:40:00;79%;07:42;;;;5541
13.08.2017;22:46:00;Sunday;14.08.2017;05:51:00;58%;07:04;;;;6246
14.08.2017;22:32:00;Monday;15.08.2017;05:51:00;67%;07:18;;;;7940
15.08.2017;21:56:00;Tuesday;16.08.2017;06:30:00;83%;08:34;;;;5029
16.08.2017;22:01:00;Wednesday;17.08.2017;05:29:00;81%;07:27;;;;9185
17.08.2017;20:36:00;Thursday;18.08.2017;04:53:00;35%;08:16;;;;7581
25.08.2017;23:37:00;Friday;26.08.2017;06:38:00;30%;07:00;;;;10605
27.08.2017;22:15:00;Saturday;28.08.2017;07:00:00;94%;08:44;;;;13476
28.08.2017;22:03:00;Sunday;29.08.2017;07:20:00;82%;09:17;;;;3921
30.08.2017;23:01:00;Monday;31.08.2017;06:38:00;74%;07:37;;;;3332
31.08.2017;23:01:00;Tuesday;01.09.2017;07:16:00;81%;08:15;;;;3001
01.09.2017;22:33:00;Wednesday;02.09.2017;07:38:00;89%;09:04;;;;7268
03.09.2017;00:46:00;Thursday;03.09.2017;08:08:00;81%;07:21;;;;4835
03.09.2017;23:07:00;Friday;04.09.2017;07:22:00;84%;08:14;;;;3230
04.09.2017;22:49:00;Saturday;05.09.2017;06:07:00;59%;07:17;;;;1333
05.09.2017;22:38:00;Sunday;06.09.2017;06:08:00;81%;07:30;;;;8922
06.09.2017;22:02:00;Monday;07.09.2017;06:02:00;79%;07:59;;;;5095
07.09.2017;22:26:00;Tuesday;08.09.2017;06:05:00;77%;07:39;;;;5470
09.09.2017;21:24:00;Wednesday;10.09.2017;06:13:00;74%;08:48;;;;2257
11.09.2017;22:39:00;Thursday;12.09.2017;06:06:00;56%;07:27;;;;12094
12.09.2017;22:03:00;Friday;13.09.2017;06:08:00;86%;08:04;;;;6059
13.09.2017;23:43:00;Saturday;14.09.2017;06:32:00;55%;06:48;;;;6075
14.09.2017;22:06:00;Sunday;15.09.2017;06:05:00;79%;07:59;;;;4400
16.09.2017;00:18:00;Monday;16.09.2017;08:51:00;91%;08:33;;;;4880
17.09.2017;22:50:00;Tuesday;18.09.2017;06:32:00;71%;07:41;;;;7213
18.09.2017;22:19:00;Wednesday;19.09.2017;06:04:00;69%;07:44;;;;3640
19.09.2017;22:16:00;Thursday;20.09.2017;06:04:00;76%;07:47;;;;5184
20.09.2017;22:04:00;Friday;21.09.2017;06:06:00;65%;08:02;;;;4443
21.09.2017;22:23:00;Saturday;22.09.2017;06:07:00;72%;07:44;;;;5242
24.09.2017;21:44:00;Sunday;25.09.2017;05:57:00;80%;08:13;;;;5142
25.09.2017;22:17:00;Monday;26.09.2017;06:19:00;73%;08:01;;;;5050
26.09.2017;23:01:00;Tuesday;27.09.2017;05:49:00;66%;06:47;;;;1706
27.09.2017;22:06:00;Wednesday;28.09.2017;06:08:00;83%;08:02;;;;10076
28.09.2017;23:36:00;Thursday;29.09.2017;06:41:00;75%;07:04;;;;5320
29.09.2017;23:14:00;Friday;30.09.2017;08:00:00;80%;08:46;;;;2809
01.10.2017;00:03:00;Saturday;01.10.2017;07:36:00;79%;07:33;;;;6235
01.10.2017;21:44:00;Sunday;02.10.2017;06:05:00;69%;08:21;;;;2757
02.10.2017;22:55:00;Monday;03.10.2017;06:00:00;76%;07:05;;;;5551
03.10.2017;21:41:00;Tuesday;04.10.2017;06:25:00;96%;08:44;;;;3729
04.10.2017;22:44:00;Wednesday;05.10.2017;06:05:00;75%;07:20;;;;7101
05.10.2017;21:24:00;Thursday;06.10.2017;04:37:00;76%;07:13;;;;4906
06.10.2017;22:56:00;Friday;07.10.2017;07:44:00;55%;08:47;;;;4507
07.10.2017;21:57:00;Saturday;08.10.2017;08:05:00;71%;10:07;;;;1588
09.10.2017;22:27:00;Sunday;10.10.2017;06:10:00;79%;07:42;;;;3951
10.10.2017;22:23:00;Monday;11.10.2017;06:00:00;80%;07:36;;;;5912
11.10.2017;22:32:00;Tuesday;12.10.2017;06:10:00;71%;07:38;;;;5314
12.10.2017;22:22:00;Wednesday;13.10.2017;06:37:00;79%;08:14;;;;3240
13.10.2017;23:03:00;Thursday;14.10.2017;08:15:00;88%;09:11;;;;356
14.10.2017;22:58:00;Friday;15.10.2017;07:24:00;80%;08:25;;;;388
15.10.2017;22:47:00;Saturday;16.10.2017;05:56:00;69%;07:09;;;;4287
16.10.2017;21:51:00;Sunday;17.10.2017;06:01:00;74%;08:09;;;;7129
17.10.2017;21:41:00;Monday;18.10.2017;06:02:00;78%;08:21;;;;3342
19.10.2017;00:01:00;Tuesday;19.10.2017;06:02:00;60%;06:00;;;;4074
19.10.2017;21:13:00;Wednesday;20.10.2017;06:14:00;100%;09:00;;;;907
21.10.2017;00:05:00;Thursday;21.10.2017;07:57:00;89%;07:51;;;;5899
22.10.2017;00:25:00;Friday;22.10.2017;07:45:00;79%;07:20;;;;71
22.10.2017;21:50:00;Saturday;23.10.2017;06:00:00;82%;08:10;;;;5210
23.10.2017;22:18:00;Sunday;24.10.2017;06:01:00;65%;07:42;;;;6636
24.10.2017;22:15:00;Monday;25.10.2017;06:06:00;83%;07:51;;;;5355
25.10.2017;21:55:00;Tuesday;26.10.2017;06:00:00;65%;08:05;;;;4119
27.10.2017;01:50:00;Wednesday;27.10.2017;06:51:00;59%;05:01;;;;5364
28.10.2017;22:51:00;Thursday;29.10.2017;07:51:00;91%;09:00;;;;1097
29.10.2017;22:26:00;Friday;30.10.2017;06:00:00;78%;07:34;;;;1430
30.10.2017;22:52:00;Saturday;31.10.2017;05:43:00;62%;06:51;;;;7603
31.10.2017;23:29:00;Sunday;01.11.2017;05:02:00;49%;05:33;;;;9304
02.11.2017;21:25:00;Monday;03.11.2017;06:21:00;74%;08:56;;;;5051
03.11.2017;23:23:00;Tuesday;04.11.2017;07:26:00;89%;08:02;;;;787
05.11.2017;22:30:00;Wednesday;06.11.2017;06:05:00;70%;07:35;;;;5504
06.11.2017;22:08:00;Thursday;07.11.2017;05:58:00;75%;07:49;;;;3709
07.11.2017;21:01:00;Friday;08.11.2017;05:45:00;90%;08:43;;;;144
08.11.2017;23:11:00;Saturday;09.11.2017;06:30:00;76%;07:18;;;;6094
09.11.2017;22:04:00;Sunday;10.11.2017;07:15:00;96%;09:11;;;;847
10.11.2017;23:29:00;Monday;11.11.2017;07:21:00;83%;07:51;;;;5919
11.11.2017;23:06:00;Tuesday;12.11.2017;07:18:00;84%;08:11;;;;1751
12.11.2017;23:39:00;Wednesday;13.11.2017;08:30:00;79%;08:50;;;;3789
14.11.2017;21:16:00;Thursday;15.11.2017;06:50:00;93%;09:34;;;;52
15.11.2017;21:23:00;Friday;16.11.2017;06:51:00;85%;09:27;;;;27
16.11.2017;22:33:00;Saturday;17.11.2017;06:07:00;80%;07:34;;;;430
17.11.2017;23:08:00;Sunday;18.11.2017;07:20:00;91%;08:11;;;;3281
19.11.2017;21:58:00;Monday;20.11.2017;06:02:00;82%;08:04;;;;4153
20.11.2017;22:26:00;Tuesday;21.11.2017;06:00:00;86%;07:33;;;;6494
21.11.2017;22:26:00;Wednesday;22.11.2017;05:57:00;68%;07:31;;;;9426
22.11.2017;22:34:00;Thursday;23.11.2017;06:01:00;80%;07:26;;;;7565
23.11.2017;22:56:00;Friday;24.11.2017;06:30:00;80%;07:33;;;;5735
25.11.2017;23:14:00;Saturday;26.11.2017;08:19:00;100%;09:05;;;;5116
26.11.2017;22:10:00;Sunday;27.11.2017;06:05:00;63%;07:55;;;;27
27.11.2017;22:36:00;Monday;28.11.2017;05:58:00;73%;07:22;;;;0
28.11.2017;22:54:00;Tuesday;29.11.2017;06:09:00;80%;07:14;;;;6417
29.11.2017;22:33:00;Wednesday;30.11.2017;06:26:00;83%;07:52;;;;0
30.11.2017;20:54:00;Thursday;01.12.2017;05:55:00;77%;09:01;;;;0
03.12.2017;23:10:00;Friday;04.12.2017;06:15:00;63%;07:05;;;;3400
04.12.2017;21:20:00;Saturday;05.12.2017;05:50:00;70%;08:29;;;;6015
05.12.2017;22:56:00;Sunday;06.12.2017;06:15:00;68%;07:19;;;;3179
06.12.2017;21:56:00;Monday;07.12.2017;05:50:00;63%;07:53;;;;6346
07.12.2017;22:04:00;Tuesday;08.12.2017;06:31:00;82%;08:27;;;;218
09.12.2017;23:39:00;Wednesday;10.12.2017;08:15:00;95%;08:35;;;;0
10.12.2017;22:16:00;Thursday;11.12.2017;06:06:00;70%;07:49;;;;96
11.12.2017;21:47:00;Friday;12.12.2017;05:57:00;68%;08:09;;;;7339
12.12.2017;22:09:00;Saturday;13.12.2017;05:55:00;72%;07:45;;;;6970
14.12.2017;22:47:00;Sunday;15.12.2017;05:51:00;60%;07:04;;;;1566
17.12.2017;21:35:00;Monday;18.12.2017;06:08:00;80%;08:33;;;;5184
18.12.2017;21:39:00;Tuesday;19.12.2017;06:05:00;79%;08:26;;;;75
19.12.2017;22:05:00;Wednesday;20.12.2017;06:25:00;79%;08:20;;;;3088
20.12.2017;21:30:00;Thursday;21.12.2017;05:52:00;59%;08:22;;;;4553
21.12.2017;22:10:00;Friday;22.12.2017;06:55:00;75%;08:44;;;;1306
26.12.2017;21:19:00;Saturday;27.12.2017;07:55:00;97%;10:35;;;;373
29.12.2017;00:06:00;Sunday;29.12.2017;07:57:00;75%;07:50;;;;5168
29.12.2017;22:00:00;Monday;30.12.2017;08:08:00;75%;10:08;;;;61
01.01.2018;21:30:00;Tuesday;02.01.2018;05:56:00;81%;08:25;;;;2544
02.01.2018;22:31:00;Wednesday;03.01.2018;05:48:00;76%;07:17;;;;475
03.01.2018;20:28:00;Thursday;04.01.2018;03:40:00;0%;00:00;;;;47
04.01.2018;22:19:00;Friday;05.01.2018;07:25:00;91%;09:05;;;;5064
06.01.2018;23:13:00;Saturday;07.01.2018;08:00:00;86%;08:46;;;;2101
07.01.2018;22:09:00;Sunday;08.01.2018;06:10:00;83%;08:01;;;;1334
08.01.2018;22:53:00;Monday;09.01.2018;05:45:00;77%;06:51;;;;2262
09.01.2018;22:22:00;Tuesday;10.01.2018;06:23:00;90%;08:01;;;;4529
10.01.2018;21:31:00;Wednesday;11.01.2018;05:10:00;71%;07:38;;;;6224
11.01.2018;21:54:00;Thursday;12.01.2018;05:01:00;70%;07:06;;;;47
12.01.2018;21:50:00;Friday;13.01.2018;07:38:00;70%;09:48;;;;6296
13.01.2018;22:07:00;Saturday;14.01.2018;07:09:00;64%;09:02;;;;2405
14.01.2018;22:02:00;Sunday;15.01.2018;05:50:00;73%;07:48;;;;9237
15.01.2018;22:45:00;Monday;16.01.2018;06:00:00;79%;07:15;;;;2818
16.01.2018;22:09:00;Tuesday;17.01.2018;06:01:00;71%;07:51;;;;5752
17.01.2018;22:45:00;Wednesday;18.01.2018;06:12:00;84%;07:27;;;;6631
18.01.2018;22:46:00;Thursday;19.01.2018;06:48:00;59%;08:02;;;;9516
19.01.2018;22:21:00;Friday;20.01.2018;08:22:00;71%;10:01;;;;4454
20.01.2018;23:44:00;Saturday;21.01.2018;07:01:00;67%;07:17;;;;7253
21.01.2018;22:04:00;Sunday;22.01.2018;06:01:00;84%;07:56;;;;22
22.01.2018;23:15:00;Monday;23.01.2018;06:00:00;66%;06:44;;;;2334
23.01.2018;21:41:00;Tuesday;24.01.2018;06:00:00;73%;08:18;;;;2867
24.01.2018;20:58:00;Wednesday;25.01.2018;06:02:00;84%;09:03;;;;4881
25.01.2018;23:17:00;Thursday;26.01.2018;06:00:00;72%;06:43;;;;2149
26.01.2018;22:13:00;Friday;27.01.2018;07:20:00;92%;09:07;;;;1720
28.01.2018;01:21:00;Saturday;28.01.2018;08:49:00;81%;07:27;;;;6518
28.01.2018;21:30:00;Sunday;29.01.2018;05:00:00;69%;07:29;;;;29
29.01.2018;21:37:00;Monday;30.01.2018;06:01:00;79%;08:23;;;;107
30.01.2018;22:18:00;Tuesday;31.01.2018;06:03:00;77%;07:44;;;;5277
31.01.2018;22:29:00;Wednesday;01.02.2018;06:02:00;72%;07:32;;;;1325
01.02.2018;21:25:00;Thursday;02.02.2018;06:45:00;80%;09:20;;;;3319
03.02.2018;02:20:00;Friday;03.02.2018;07:44:00;65%;05:23;;;;4810
03.02.2018;08:32:00;Saturday;03.02.2018;09:08:00;8%;00:36;;;;166
03.02.2018;22:29:00;Sunday;04.02.2018;07:37:00;96%;09:08;;;;362
04.02.2018;23:09:00;Monday;05.02.2018;06:01:00;72%;06:52;;;;2528
05.02.2018;22:02:00;Tuesday;06.02.2018;06:00:00;78%;07:58;;;;7982
06.02.2018;21:44:00;Wednesday;07.02.2018;06:12:00;82%;08:28;;;;5039
07.02.2018;23:18:00;Thursday;08.02.2018;06:48:00;73%;07:29;;;;2435
08.02.2018;22:41:00;Friday;09.02.2018;06:00:00;93%;07:18;;;;68
09.02.2018;23:07:00;Saturday;10.02.2018;07:26:00;76%;08:18;;;;5598
11.02.2018;22:44:00;Sunday;12.02.2018;07:08:00;91%;08:24;;;;1901
12.02.2018;21:54:00;Monday;13.02.2018;07:02:00;91%;09:08;;;;56
13.02.2018;23:49:00;Tuesday;14.02.2018;07:00:00;81%;07:11;;;;64
14.02.2018;21:24:00;Wednesday;15.02.2018;06:20:00;71%;08:56;;;;3316
15.02.2018;21:36:00;Thursday;16.02.2018;06:50:00;80%;09:13;;;;6555
16.02.2018;22:52:00;Friday;17.02.2018;07:48:00;91%;08:55;;;;2291
Start;;;End;;Sleep quality;Time in bed;Wake up;Sleep Notes;Heart rate;Activity (steps)
