29.12.2014 22:57;30.12.2014 07:30;100%;08:32;:);;59;0
30.12.2014 21:17;30.12.2014 21:33;3%;00:16;:|;Stressful day;72;0
30.12.2014 22:42;31.12.2014 07:13;98%;08:30;:|;;57;0
31.12.2014 22:31;01.01.2015 06:03;65%;07:32;;;;0
01.01.2015 22:12;02.01.2015 04:56;72%;06:44;:);Drank coffee:Drank tea;68;0
03.01.2015 00:34;03.01.2015 07:47;83%;07:12;:);Drank coffee:Drank tea;60;0
04.01.2015 00:23;04.01.2015 07:37;78%;07:14;;Drank tea;;0
04.01.2015 21:34;05.01.2015 04:53;78%;07:18;:);Ate late:Drank coffee;57;0
05.01.2015 21:32;06.01.2015 05:00;69%;07:27;:);Drank coffee:Drank tea:Worked out;56;0
06.01.2015 21:24;07.01.2015 05:00;74%;07:35;:|;Drank tea:Worked out;64;0
07.01.2015 20:59;08.01.2015 06:19;81%;09:19;:);Drank coffee:Drank tea:Stressful day;62;0
08.01.2015 22:58;09.01.2015 06:14;88%;07:16;:);Drank coffee:Drank tea;58;0
09.01.2015 22:27;10.01.2015 07:29;77%;09:01;:|;Drank coffee:Drank tea;65;0
10.01.2015 22:38;11.01.2015 07:28;89%;08:50;:|;Drank coffee:Drank tea;65;0
11.01.2015 22:12;12.01.2015 06:20;78%;08:08;:);Drank tea;53;0
12.01.2015 21:01;13.01.2015 06:13;100%;09:11;:);Drank tea:Worked out;65;0
13.01.2015 22:14;14.01.2015 06:20;100%;08:06;:);Drank coffee:Drank tea;55;0
14.01.2015 21:48;15.01.2015 05:02;88%;07:13;:);Drank coffee:Drank tea:Worked out;60;0
15.01.2015 21:32;16.01.2015 04:54;87%;07:22;:);Drank tea;60;0
17.01.2015 02:11;17.01.2015 09:03;83%;06:51;:);Drank coffee:Drank tea;94;0
17.01.2015 23:55;18.01.2015 07:47;93%;07:51;:);Drank coffee:Drank tea;57;0
18.01.2015 21:51;19.01.2015 05:04;58%;07:12;:);Drank coffee;67;0
19.01.2015 05:06;19.01.2015 06:20;16%;01:13;:);;58;0
19.01.2015 21:45;20.01.2015 05:45;75%;08:00;:|;Drank coffee:Drank tea:Worked out;54;0
20.01.2015 21:42;21.01.2015 05:45;80%;08:02;:|;Drank coffee:Drank tea:Worked out;60;0
21.01.2015 22:34;22.01.2015 06:17;87%;07:42;:);Drank coffee:Drank tea:Worked out;75;0
25.01.2015 20:55;26.01.2015 06:14;87%;09:19;:);Drank coffee;58;0
26.01.2015 22:36;27.01.2015 06:11;83%;07:35;:|;Drank coffee:Drank tea:Stressful day;66;0
28.01.2015 21:43;29.01.2015 05:20;76%;07:37;:);Drank coffee:Drank tea:Stressful day;57;0
29.01.2015 22:23;30.01.2015 05:29;67%;07:05;:);Drank coffee:Drank tea:Worked out;63;0
31.01.2015 00:13;31.01.2015 08:17;93%;08:03;:);Drank coffee:Drank tea:Stressful day;62;0
01.02.2015 21:55;02.02.2015 05:09;64%;07:13;:);Drank coffee:Drank tea;56;0
02.02.2015 22:30;03.02.2015 06:20;75%;07:49;:);Drank tea;61;0
03.02.2015 22:47;04.02.2015 06:20;72%;07:32;:);Drank coffee:Drank tea;61;0
04.02.2015 23:03;05.02.2015 06:10;70%;07:07;:);Drank tea:Worked out;57;0
08.02.2015 22:30;09.02.2015 06:48;89%;08:17;:);Drank coffee:Drank tea;61;0
09.02.2015 21:55;10.02.2015 06:13;85%;08:17;:);Drank coffee;58;0
10.02.2015 22:20;11.02.2015 06:20;59%;08:00;:);Drank coffee;60;0
11.02.2015 21:53;12.02.2015 05:30;67%;07:36;:);Drank coffee:Drank tea:Worked out;57;0
12.02.2015 22:34;13.02.2015 05:24;69%;06:49;:);Drank coffee:Drank tea:Worked out;53;0
15.02.2015 22:16;16.02.2015 05:20;74%;07:04;:);Drank coffee;60;0
17.02.2015 00:02;17.02.2015 06:16;78%;06:13;:);Drank coffee:Drank tea:Worked out;65;0
17.02.2015 22:20;18.02.2015 05:05;70%;06:45;:);Drank coffee:Drank tea;55;0
19.02.2015 22:39;20.02.2015 06:20;77%;07:40;:);Drank coffee:Drank tea:Stressful day;66;0
21.02.2015 00:31;21.02.2015 07:32;72%;07:00;:);Drank coffee:Drank tea:Worked out;55;0
21.02.2015 22:54;22.02.2015 07:49;92%;08:55;:);Drank coffee:Drank tea;56;0
22.02.2015 22:18;23.02.2015 06:20;87%;08:02;:);Drank coffee;60;0
24.02.2015 22:30;25.02.2015 06:20;69%;07:49;:);Drank coffee:Drank tea;62;0
26.02.2015 01:22;26.02.2015 07:16;65%;05:54;:|;Drank coffee:Drank tea;;0
26.02.2015 21:42;27.02.2015 05:37;90%;07:54;:);Drank tea:Worked out;61;0
01.03.2015 20:14;02.03.2015 05:44;88%;09:29;:);Drank coffee;62;0
03.03.2015 21:47;04.03.2015 05:30;61%;07:43;:);Drank coffee:Drank tea:Worked out;62;0
04.03.2015 20:53;05.03.2015 06:13;54%;09:19;:);Drank coffee:Drank tea:Stressful day:Worked out;68;0
05.03.2015 22:29;06.03.2015 06:20;86%;07:50;:);Drank coffee:Drank tea;58;0
08.03.2015 22:54;09.03.2015 06:20;69%;07:25;:);Drank coffee;61;0
09.03.2015 21:28;10.03.2015 06:18;99%;08:50;:);Drank coffee:Drank tea;67;0
10.03.2015 22:17;11.03.2015 06:18;82%;08:01;:);Drank coffee:Drank tea;71;0
11.03.2015 21:39;12.03.2015 05:19;77%;07:40;:);Drank coffee:Drank tea;63;0
12.03.2015 21:44;13.03.2015 05:20;72%;07:36;:);Drank coffee:Drank tea:Worked out;60;0
15.03.2015 21:50;16.03.2015 04:51;82%;07:00;:);;62;0
16.03.2015 21:48;17.03.2015 05:21;75%;07:32;:);Drank coffee:Drank tea;54;0
17.03.2015 23:57;18.03.2015 08:01;91%;08:03;:);Drank coffee:Drank tea:Worked out;62;0
21.03.2015 01:10;21.03.2015 08:00;74%;06:49;:);Drank coffee;66;0
22.03.2015 23:07;23.03.2015 07:30;75%;08:22;:);Drank coffee:Drank tea;65;0
24.03.2015 22:11;25.03.2015 06:19;84%;08:07;:);Drank coffee;58;0
25.03.2015 22:00;26.03.2015 05:22;76%;07:22;:);Drank coffee:Drank tea:Worked out;;0
26.03.2015 21:23;27.03.2015 05:26;92%;08:03;:);Drank tea:Worked out;54;0
30.03.2015 22:30;31.03.2015 05:28;82%;06:57;:);Drank coffee:Worked out;64;0
31.03.2015 22:17;01.04.2015 05:50;84%;07:32;:);Drank coffee:Drank tea:Worked out;55;0
04.04.2015 23:13;05.04.2015 07:31;95%;08:17;:);Drank coffee:Drank tea;;0
06.04.2015 21:22;07.04.2015 06:15;79%;08:53;:);Drank coffee:Drank tea;55;0
07.04.2015 21:17;08.04.2015 06:18;100%;09:01;:);Drank tea;51;0
08.04.2015 22:09;09.04.2015 05:02;81%;06:52;:);Drank tea;52;0
09.04.2015 21:56;10.04.2015 05:23;80%;07:27;:);Drank coffee:Drank tea:Worked out;;0
10.04.2015 23:51;11.04.2015 07:41;85%;07:50;:);Drank tea:Worked out;;0
11.04.2015 23:16;12.04.2015 06:53;97%;07:36;:);Drank coffee:Drank tea;52;0
12.04.2015 22:04;13.04.2015 05:41;84%;07:36;:);Drank coffee:Drank tea;58;0
13.04.2015 22:19;14.04.2015 05:45;78%;07:25;:);Drank tea:Worked out;57;0
15.04.2015 00:28;15.04.2015 07:30;81%;07:01;:);Drank coffee:Drank tea:Worked out;63;0
16.04.2015 23:20;17.04.2015 06:20;82%;06:59;:);Drank coffee:Drank tea;58;0
17.04.2015 23:50;18.04.2015 07:22;59%;07:32;:);Drank coffee:Drank tea:Stressful day:Worked out;53;0
20.04.2015 22:37;21.04.2015 06:18;77%;07:40;:);Drank coffee:Drank tea;58;0
22.04.2015 21:31;23.04.2015 05:11;77%;07:39;:);Drank coffee:Drank tea:Stressful day;67;0
23.04.2015 21:46;24.04.2015 05:13;87%;07:26;:);Drank coffee:Drank tea:Stressful day:Worked out;;0
25.04.2015 22:53;26.04.2015 07:53;100%;09:00;:);Drank coffee:Drank tea;61;0
26.04.2015 21:51;27.04.2015 04:59;70%;07:07;:);Ate late:Drank coffee:Drank tea;64;0
27.04.2015 21:35;28.04.2015 04:57;77%;07:21;:);Drank tea:Worked out;59;0
28.04.2015 21:41;29.04.2015 05:00;53%;07:18;:);Drank coffee:Worked out;59;0
30.04.2015 23:13;01.05.2015 06:06;77%;06:52;:);Drank coffee:Drank tea:Stressful day;60;0
01.05.2015 22:20;02.05.2015 06:07;65%;07:46;:);Drank coffee:Worked out;91;0
05.05.2015 22:23;06.05.2015 06:18;83%;07:54;:);Drank coffee:Drank tea:Worked out;62;0
06.05.2015 21:47;07.05.2015 05:21;50%;07:34;:);Ate late:Drank coffee:Drank tea:Worked out;59;0
07.05.2015 21:22;08.05.2015 04:57;89%;07:34;:);Drank tea:Worked out;54;0
09.05.2015 01:58;09.05.2015 07:01;61%;05:03;:);Drank coffee:Drank tea:Stressful day:Worked out;75;0
10.05.2015 22:11;11.05.2015 05:00;66%;06:48;:);Drank coffee:Drank tea:Worked out;50;0
11.05.2015 21:57;12.05.2015 05:00;75%;07:03;:);Drank tea:Worked out;55;0
12.05.2015 22:04;13.05.2015 04:52;72%;06:47;:);Drank tea:Worked out;59;0
14.05.2015 22:49;15.05.2015 06:17;79%;07:28;:);Drank coffee:Drank tea;51;0
17.05.2015 21:03;18.05.2015 07:49;93%;10:46;:);Drank tea:Stressful day;59;0
18.05.2015 22:39;19.05.2015 06:20;91%;07:41;:);;59;0
20.05.2015 22:22;21.05.2015 05:25;59%;07:02;:);Drank tea:Worked out;62;0
21.05.2015 22:47;22.05.2015 05:25;74%;06:38;:);Drank coffee:Drank tea:Worked out;60;0
24.05.2015 00:01;24.05.2015 07:35;73%;07:33;:);Drank coffee:Worked out;;0
24.05.2015 22:58;25.05.2015 06:45;67%;07:47;:);Drank coffee:Drank tea;61;0
25.05.2015 22:05;26.05.2015 05:29;85%;07:23;:);Drank coffee:Drank tea;;0
26.05.2015 22:18;27.05.2015 05:14;69%;06:56;:);Drank coffee:Drank tea:Worked out;;0
28.05.2015 23:10;29.05.2015 07:00;81%;07:49;:);Drank coffee:Drank tea:Worked out;52;0
31.05.2015 23:16;01.06.2015 06:20;72%;07:03;:);Drank coffee;76;0
01.06.2015 22:20;02.06.2015 06:19;76%;07:59;:);Drank coffee:Drank tea:Worked out;57;0
03.06.2015 22:19;04.06.2015 05:20;78%;07:00;:);Drank coffee:Drank tea;64;0
04.06.2015 22:20;05.06.2015 03:45;70%;05:25;:(;Drank coffee:Drank tea:Worked out;;0
05.06.2015 03:45;05.06.2015 05:41;23%;01:55;:);;57;0
07.06.2015 22:01;08.06.2015 05:40;75%;07:39;:);Drank coffee;58;0
08.06.2015 21:57;09.06.2015 05:16;69%;07:19;:);Drank coffee:Drank tea:Worked out;;0
09.06.2015 21:07;10.06.2015 05:01;83%;07:54;:);Drank coffee:Drank tea:Worked out;;0
10.06.2015 21:12;11.06.2015 06:17;92%;09:04;:);Drank tea:Stressful day:Worked out;68;0
11.06.2015 22:54;12.06.2015 06:19;74%;07:25;:);Drank coffee:Worked out;;0
14.06.2015 22:38;15.06.2015 06:12;81%;07:34;:);Drank coffee:Drank tea;;0
15.06.2015 22:31;16.06.2015 06:20;88%;07:48;:);Drank coffee:Drank tea:Worked out;64;0
16.06.2015 22:21;17.06.2015 06:20;69%;07:59;:);Drank coffee:Drank tea:Stressful day:Worked out;;0
17.06.2015 21:28;18.06.2015 05:00;63%;07:31;:);Drank coffee;;0
18.06.2015 22:26;19.06.2015 04:46;71%;06:20;:);Drank coffee:Worked out;;0
22.06.2015 21:54;23.06.2015 05:07;78%;07:13;:);Drank coffee:Worked out;;0
23.06.2015 22:09;24.06.2015 04:57;76%;06:48;:);Drank coffee:Drank tea:Worked out;;0
24.06.2015 04:58;24.06.2015 05:45;10%;00:46;:);;;0
24.06.2015 22:37;25.06.2015 06:20;82%;07:43;:);Drank coffee:Stressful day:Worked out;58;0
11.07.2015 22:29;12.07.2015 08:00;98%;09:31;:);Drank coffee:Stressful day;69;0
19.07.2015 21:38;20.07.2015 06:09;69%;08:31;:);Drank coffee;74;0
20.07.2015 22:01;21.07.2015 05:04;68%;07:03;:);Drank coffee:Drank tea:Worked out;;0
21.07.2015 22:02;22.07.2015 05:45;79%;07:42;:);Drank coffee:Drank tea:Worked out;67;0
23.07.2015 22:29;24.07.2015 06:44;86%;08:14;:);Drank coffee:Stressful day:Worked out;;0
26.07.2015 22:29;27.07.2015 06:20;93%;07:50;:);Drank coffee:Worked out;58;0
28.07.2015 21:32;29.07.2015 05:39;68%;08:07;:);Drank coffee:Drank tea:Stressful day:Worked out;58;0
29.07.2015 23:06;30.07.2015 05:40;71%;06:34;:);Drank coffee:Drank tea:Worked out;61;0
30.07.2015 21:40;31.07.2015 05:40;88%;08:00;:);Drank coffee:Worked out;64;0
01.08.2015 01:41;01.08.2015 08:31;77%;06:49;:);Drank coffee:Drank tea:Worked out;64;0
01.08.2015 22:55;02.08.2015 08:02;97%;09:06;:);Drank coffee:Worked out;;0
02.08.2015 23:45;03.08.2015 00:00;3%;00:15;:|;Drank coffee:Worked out;;0
03.08.2015 00:26;03.08.2015 07:25;88%;06:59;:);Drank coffee:Worked out;68;0
03.08.2015 21:46;04.08.2015 05:00;71%;07:14;:);Drank coffee:Stressful day:Worked out;;0
04.08.2015 21:17;05.08.2015 04:55;81%;07:38;:);Drank coffee:Drank tea:Worked out;;0
05.08.2015 21:35;06.08.2015 04:55;78%;07:19;:);Drank coffee:Drank tea:Worked out;57;0
08.08.2015 00:19;08.08.2015 07:56;97%;07:37;:);Drank coffee:Worked out;54;0
10.08.2015 00:01;10.08.2015 05:03;65%;05:02;:);Drank coffee;;0
10.08.2015 21:11;11.08.2015 06:09;72%;08:58;:);Drank coffee:Drank tea:Worked out;50;0
15.08.2015 23:41;16.08.2015 07:27;84%;07:46;:);Drank coffee;;0
16.08.2015 21:44;17.08.2015 04:45;58%;07:00;:);Drank coffee;56;0
17.08.2015 22:13;18.08.2015 05:27;85%;07:14;:);Drank coffee:Drank tea:Worked out;;0
18.08.2015 22:33;19.08.2015 06:45;90%;08:12;:);Drank coffee:Drank tea:Worked out;57;0
19.08.2015 21:48;20.08.2015 06:01;79%;08:12;:);Drank coffee:Worked out;51;0
20.08.2015 22:36;21.08.2015 06:00;69%;07:23;:);Drank coffee;58;0
21.08.2015 21:52;22.08.2015 06:00;88%;08:07;:);Drank coffee:Stressful day;;0
22.08.2015 21:59;23.08.2015 05:49;90%;07:49;:);Drank coffee;52;0
23.08.2015 21:59;24.08.2015 05:29;83%;07:30;:);Ate late:Drank coffee:Drank tea;52;0
25.08.2015 21:57;26.08.2015 05:45;67%;07:48;:);Drank coffee;;0
26.08.2015 21:14;27.08.2015 05:45;90%;08:30;:);Drank coffee:Stressful day;;0
27.08.2015 21:19;28.08.2015 05:45;93%;08:26;:|;;60;0
28.08.2015 22:01;29.08.2015 06:00;85%;07:59;:);Drank coffee:Drank tea;62;0
30.08.2015 22:00;31.08.2015 06:00;84%;08:00;:);Drank coffee;66;0
31.08.2015 22:14;01.09.2015 06:00;77%;07:46;:);Drank coffee;;0
01.09.2015 22:00;02.09.2015 06:00;85%;07:59;:);Drank tea;65;0
02.09.2015 23:36;03.09.2015 07:10;77%;07:33;:);Drank coffee;57;0
05.09.2015 22:54;06.09.2015 06:59;87%;08:04;:);Drank coffee;;0
07.09.2015 22:45;08.09.2015 06:13;84%;07:27;:);Drank coffee:Drank tea;61;0
08.09.2015 22:03;09.09.2015 06:04;86%;08:01;:);Drank tea:Worked out;;0
09.09.2015 22:40;10.09.2015 06:10;83%;07:29;:);Drank coffee:Drank tea:Worked out;;0
10.09.2015 22:10;11.09.2015 04:57;77%;06:46;:);Drank coffee:Drank tea:Worked out;;0
12.09.2015 00:06;12.09.2015 07:41;81%;07:35;:);Drank coffee:Worked out;;0
13.09.2015 22:03;14.09.2015 05:50;81%;07:47;:);Drank coffee;;0
14.09.2015 22:33;15.09.2015 06:30;83%;07:56;:);Drank coffee:Stressful day:Worked out;;0
15.09.2015 22:14;16.09.2015 05:55;70%;07:40;:);Drank coffee:Worked out;;0
16.09.2015 21:59;17.09.2015 06:20;80%;08:20;:);Drank coffee:Drank tea:Worked out;59;0
17.09.2015 22:57;18.09.2015 06:20;60%;07:22;:);Drank coffee:Drank tea:Worked out;56;0
19.09.2015 00:31;19.09.2015 06:55;55%;06:23;:);Drank coffee;;0
19.09.2015 22:01;20.09.2015 06:48;91%;08:47;:);Drank coffee;;0
20.09.2015 22:07;21.09.2015 06:15;79%;08:08;:);Drank coffee:Drank tea:Worked out;55;0
22.09.2015 21:34;23.09.2015 06:15;81%;08:41;:);Drank coffee:Drank tea:Worked out;58;0
23.09.2015 21:37;24.09.2015 05:07;77%;07:29;:);Drank coffee:Drank tea:Worked out;49;0
24.09.2015 22:37;25.09.2015 06:00;83%;07:22;:);Ate late:Drank coffee:Drank tea:Worked out;;0
27.09.2015 22:57;28.09.2015 07:00;82%;08:02;:);Drank tea;61;0
28.09.2015 21:12;29.09.2015 05:15;90%;08:02;:);Drank tea:Worked out;60;0
29.09.2015 22:54;30.09.2015 06:20;89%;07:25;:);Ate late:Drank coffee:Drank tea:Worked out;58;0
30.09.2015 23:57;01.10.2015 06:14;62%;06:16;:);Drank coffee:Drank tea:Worked out;55;0
03.10.2015 00:09;03.10.2015 07:26;69%;07:17;:);Drank coffee:Worked out;57;0
11.10.2015 00:27;11.10.2015 08:58;100%;08:31;:);Drank coffee:Stressful day;50;0
12.10.2015 21:59;13.10.2015 06:00;74%;08:01;:);Ate late:Drank coffee:Drank tea:Worked out;;0
13.10.2015 22:19;14.10.2015 04:59;59%;06:40;:);Drank coffee:Worked out;;0
14.10.2015 05:00;14.10.2015 06:00;13%;01:00;:);;;0
14.10.2015 22:40;15.10.2015 06:20;68%;07:40;:);Drank tea:Worked out;65;0
15.10.2015 22:12;16.10.2015 06:21;67%;08:08;:);Drank coffee:Drank tea:Worked out;58;0
17.10.2015 00:45;17.10.2015 07:37;57%;06:51;:);Drank coffee:Drank tea;;0
18.10.2015 21:52;19.10.2015 06:20;67%;08:27;:|;Drank coffee;;0
20.10.2015 21:38;21.10.2015 06:20;88%;08:42;:|;Drank coffee:Drank tea;62;0
21.10.2015 22:41;22.10.2015 06:20;77%;07:39;:);Drank coffee:Drank tea;53;0
22.10.2015 21:46;23.10.2015 05:30;80%;07:44;:);Drank coffee:Drank tea:Worked out;70;0
24.10.2015 00:32;24.10.2015 08:12;77%;07:40;:);Drank coffee:Drank tea:Worked out;;0
24.10.2015 22:38;25.10.2015 06:33;81%;07:55;:);Drank coffee:Drank tea;;0
26.10.2015 23:09;27.10.2015 06:05;77%;06:55;:);Drank coffee:Drank tea;65;0
27.10.2015 21:34;28.10.2015 05:35;78%;08:01;:|;Drank coffee:Worked out;;0
28.10.2015 22:28;29.10.2015 06:20;83%;07:51;:|;Drank tea:Worked out;53;0
29.10.2015 22:30;30.10.2015 06:10;81%;07:40;:|;Drank tea:Worked out;57;0
31.10.2015 01:01;31.10.2015 07:50;50%;06:48;:);Drank coffee:Drank tea;;0
02.11.2015 22:00;03.11.2015 06:10;83%;08:09;:|;Drank coffee:Drank tea:Worked out;55;0
03.11.2015 22:46;04.11.2015 06:09;75%;07:23;:|;Drank coffee:Drank tea:Worked out;;0
04.11.2015 22:49;05.11.2015 06:00;65%;07:11;:|;Drank coffee:Drank tea:Worked out;;0
05.11.2015 21:36;06.11.2015 05:29;77%;07:52;:|;Drank coffee:Drank tea:Worked out;;0
07.11.2015 00:19;07.11.2015 08:13;93%;07:54;:);Drank coffee:Drank tea:Worked out;98;0
08.11.2015 23:28;09.11.2015 06:20;69%;06:52;:);Drank coffee:Drank tea;;0
09.11.2015 21:59;10.11.2015 05:41;88%;07:41;:);Drank coffee:Drank tea:Worked out;;0
10.11.2015 22:56;11.11.2015 06:28;83%;07:32;:);Drank coffee:Drank tea:Worked out;;0
11.11.2015 22:57;12.11.2015 06:20;72%;07:23;:);Drank coffee:Drank tea;;0
13.11.2015 22:59;14.11.2015 07:46;96%;08:46;:);Drank coffee:Drank tea;59;0
15.11.2015 22:17;16.11.2015 06:30;72%;08:13;:);Drank coffee:Drank tea;62;0
18.11.2015 22:07;19.11.2015 05:30;80%;07:23;:);Ate late:Drank coffee:Drank tea:Worked out;63;0
19.11.2015 23:10;20.11.2015 06:00;73%;06:50;:);Drank coffee:Drank tea:Worked out;62;0
22.11.2015 21:57;23.11.2015 05:30;83%;07:33;:);Drank tea;;0
23.11.2015 22:15;24.11.2015 05:00;74%;06:44;:);Drank coffee:Drank tea:Worked out;;0
24.11.2015 22:33;25.11.2015 06:30;87%;07:57;:);Drank coffee:Drank tea:Worked out;;0
25.11.2015 23:26;26.11.2015 06:20;69%;06:54;:);Drank coffee:Drank tea:Worked out;;0
26.11.2015 22:25;27.11.2015 06:20;81%;07:55;:);Drank coffee:Drank tea:Worked out;;0
28.11.2015 01:20;28.11.2015 07:46;58%;06:25;:);Drank coffee:Drank tea:Worked out;59;0
29.11.2015 22:20;30.11.2015 06:20;68%;07:59;:);Drank tea;;0
30.11.2015 21:23;01.12.2015 06:19;64%;08:55;:);Drank coffee:Drank tea:Worked out;;0
01.12.2015 23:03;02.12.2015 06:20;84%;07:17;:);Drank coffee:Drank tea:Worked out;57;0
02.12.2015 22:19;03.12.2015 05:11;75%;06:51;:);Drank coffee:Drank tea;;0
03.12.2015 22:51;04.12.2015 05:01;70%;06:09;:);Ate late:Drank coffee:Drank tea;;0
06.12.2015 22:10;07.12.2015 05:31;86%;07:20;:);Drank coffee:Drank tea;68;0
07.12.2015 21:20;08.12.2015 05:00;86%;07:40;:);Drank tea:Stressful day:Worked out;61;0
08.12.2015 22:17;09.12.2015 05:45;79%;07:28;:);Drank coffee:Drank tea:Stressful day:Worked out;;0
09.12.2015 21:57;10.12.2015 06:10;93%;08:13;:);Drank tea:Stressful day:Worked out;67;0
13.12.2015 00:08;13.12.2015 08:23;77%;08:14;:);Drank coffee;;0
13.12.2015 22:07;14.12.2015 06:09;80%;08:02;:);Drank coffee;52;0
15.12.2015 22:32;16.12.2015 06:10;75%;07:37;:);Drank coffee:Drank tea:Worked out;;0
16.12.2015 22:20;17.12.2015 05:40;84%;07:20;:);Drank coffee:Drank tea:Stressful day;;0
17.12.2015 21:07;18.12.2015 05:45;100%;08:37;:);Drank coffee:Drank tea:Worked out;;0
20.12.2015 22:19;21.12.2015 06:20;72%;08:00;:|;Drank coffee:Drank tea:Worked out;56;0
21.12.2015 22:06;22.12.2015 05:29;80%;07:23;:|;Drank coffee:Worked out;;0
22.12.2015 21:41;23.12.2015 05:43;82%;08:01;:);Drank coffee:Drank tea:Worked out;;0
23.12.2015 22:33;24.12.2015 06:01;79%;07:27;:);Drank coffee:Drank tea;;0
29.12.2015 22:44;30.12.2015 07:00;76%;08:16;:|;Drank coffee;;0
01.01.2016 23:53;02.01.2016 08:27;79%;08:33;:|;Drank coffee:Drank tea;71;0
02.01.2016 23:49;03.01.2016 08:13;85%;08:24;:);Drank coffee:Drank tea;65;0
03.01.2016 21:44;04.01.2016 05:35;69%;07:51;:);Drank coffee;;0
04.01.2016 22:17;05.01.2016 05:45;74%;07:28;:|;Drank coffee:Drank tea:Stressful day;;0
05.01.2016 22:18;06.01.2016 06:20;66%;08:01;:|;Drank coffee:Worked out;;0
13.01.2016 22:44;14.01.2016 06:20;72%;07:35;:|;Ate late:Drank coffee:Drank tea:Stressful day;;0
14.01.2016 22:10;15.01.2016 05:28;73%;07:17;:|;Drank coffee:Drank tea:Worked out;;0
17.01.2016 22:00;18.01.2016 05:30;76%;07:29;:|;Drank coffee:Drank tea:Worked out;;0
18.01.2016 21:56;19.01.2016 05:34;78%;07:38;;Ate late:Drank coffee:Drank tea;;0
19.01.2016 22:46;20.01.2016 06:35;75%;07:48;;Drank coffee:Drank tea:Worked out;;0
20.01.2016 21:13;21.01.2016 06:29;77%;09:15;;Drank coffee:Drank tea;;0
21.01.2016 21:33;22.01.2016 06:23;79%;08:50;;Drank coffee;;0
22.01.2016 22:17;23.01.2016 08:14;79%;09:57;;Drank coffee:Worked out;;0
24.01.2016 22:06;25.01.2016 06:30;85%;08:23;;Drank coffee:Drank tea:Worked out;;0
25.01.2016 22:27;26.01.2016 06:38;88%;08:10;;Drank coffee;;0
26.01.2016 22:58;27.01.2016 06:28;83%;07:29;;Drank coffee:Drank tea:Worked out;;0
27.01.2016 22:02;28.01.2016 05:23;84%;07:20;;Drank coffee:Drank tea:Worked out;;0
28.01.2016 22:11;29.01.2016 05:26;76%;07:15;;Drank coffee:Drank tea:Worked out;;0
29.01.2016 21:47;30.01.2016 06:06;88%;08:19;;Drank coffee:Drank tea:Worked out;;0
31.01.2016 22:58;01.02.2016 06:19;78%;07:20;;Drank coffee;;0
01.02.2016 22:02;02.02.2016 05:27;82%;07:25;;Drank coffee:Drank tea:Worked out;;0
02.02.2016 21:47;03.02.2016 05:20;72%;07:33;;Drank coffee:Worked out;;0
03.02.2016 22:54;04.02.2016 06:20;79%;07:26;;Drank coffee:Worked out;;0
04.02.2016 22:17;05.02.2016 06:53;74%;08:35;;Drank coffee:Stressful day:Worked out;;0
05.02.2016 23:45;06.02.2016 07:35;84%;07:50;;Drank coffee;;0
06.02.2016 22:55;07.02.2016 07:35;91%;08:40;;Drank tea;;0
08.02.2016 00:44;08.02.2016 07:45;68%;07:01;;Drank coffee:Drank tea;;0
08.02.2016 22:43;09.02.2016 06:40;77%;07:56;;Drank coffee:Drank tea:Worked out;;0
09.02.2016 21:57;10.02.2016 05:31;66%;07:33;;Drank coffee:Worked out;;0
13.02.2016 23:41;14.02.2016 05:11;38%;05:30;;Drank coffee;;0
14.02.2016 22:07;15.02.2016 05:53;84%;07:45;;Drank coffee:Stressful day;;0
15.02.2016 22:07;16.02.2016 05:25;76%;07:18;;Drank coffee:Worked out;;0
16.02.2016 22:20;17.02.2016 05:32;70%;07:12;;Drank coffee:Worked out;;0
17.02.2016 21:33;18.02.2016 06:24;90%;08:51;;Drank coffee:Stressful day:Worked out;;0
18.02.2016 22:47;19.02.2016 06:26;77%;07:39;;Drank coffee:Drank tea:Worked out;;0
20.02.2016 23:12;21.02.2016 07:41;69%;08:28;;Drank coffee;;0
22.02.2016 22:04;23.02.2016 06:23;85%;08:19;;Drank coffee;;0
23.02.2016 22:18;24.02.2016 06:25;94%;08:06;;Drank coffee:Worked out;;0
24.02.2016 21:59;25.02.2016 05:43;88%;07:44;;Drank tea:Worked out;;0
26.02.2016 00:15;26.02.2016 06:35;68%;06:20;;Drank tea:Worked out;;0
27.02.2016 23:33;28.02.2016 07:50;92%;08:17;;Drank coffee;;0
28.02.2016 22:19;29.02.2016 05:45;64%;07:25;;Drank tea;;0
29.02.2016 21:55;01.03.2016 06:22;78%;08:26;;Drank tea:Worked out;;0
01.03.2016 23:22;02.03.2016 05:50;70%;06:28;;Drank tea:Worked out;;0
02.03.2016 22:15;03.03.2016 06:21;95%;08:06;;Drank coffee:Drank tea:Worked out;;0
03.03.2016 22:01;04.03.2016 06:17;90%;08:16;;Drank tea:Worked out;;0
05.03.2016 23:20;06.03.2016 07:31;98%;08:11;;Drank tea;;0
06.03.2016 23:08;07.03.2016 06:19;70%;07:11;;Drank coffee:Drank tea;;0
07.03.2016 22:50;08.03.2016 06:22;75%;07:32;;Drank tea:Worked out;;0
08.03.2016 21:40;09.03.2016 06:25;91%;08:44;;Drank tea:Worked out;;0
09.03.2016 22:40;10.03.2016 05:49;79%;07:09;;Drank tea;;0
10.03.2016 21:35;11.03.2016 05:34;92%;07:58;;Drank tea:Worked out;;0
12.03.2016 01:33;12.03.2016 07:50;69%;06:17;;Drank coffee:Worked out;;0
12.03.2016 23:44;13.03.2016 07:51;83%;07:07;;Drank tea;;0
13.03.2016 22:47;14.03.2016 05:40;82%;06:53;;Drank tea:Worked out;;0
14.03.2016 22:16;15.03.2016 05:46;79%;07:29;;Drank tea:Worked out;;0
15.03.2016 22:41;16.03.2016 06:25;85%;07:43;;Drank coffee:Drank tea:Worked out;;0
16.03.2016 22:25;17.03.2016 07:05;90%;08:39;;Drank coffee:Worked out;;0
17.03.2016 22:46;18.03.2016 07:08;98%;08:22;;Drank coffee:Drank tea;;0
18.03.2016 22:17;19.03.2016 07:47;87%;09:30;;Drank coffee;;0
20.03.2016 22:13;21.03.2016 07:26;80%;09:13;;Drank coffee;;0
21.03.2016 22:37;22.03.2016 07:32;80%;08:54;;Drank coffee;;0
22.03.2016 21:22;23.03.2016 06:19;80%;08:56;;Drank coffee:Drank tea;;0
23.03.2016 22:06;24.03.2016 05:20;65%;07:13;;Drank coffee:Drank tea:Worked out;;0
27.03.2016 23:28;28.03.2016 07:30;82%;08:01;;Drank coffee;;0
28.03.2016 23:32;29.03.2016 06:29;75%;06:56;;Drank coffee:Stressful day:Worked out;;0
29.03.2016 23:12;30.03.2016 06:25;66%;07:13;;Drank coffee:Worked out;;0
30.03.2016 22:58;31.03.2016 06:25;58%;07:26;;Drank coffee:Drank tea:Worked out;;0
31.03.2016 22:47;01.04.2016 06:30;89%;07:42;;Drank coffee:Drank tea:Worked out;;0
02.04.2016 21:20;03.04.2016 07:08;86%;09:47;;Drank coffee;;0
03.04.2016 21:44;04.04.2016 06:24;67%;08:39;;Drank coffee;;0
04.04.2016 21:23;05.04.2016 06:29;62%;09:05;;Drank coffee;;0
05.04.2016 21:13;06.04.2016 06:24;81%;09:11;;Drank coffee:Worked out;;0
06.04.2016 23:00;07.04.2016 05:55;73%;06:55;;Drank coffee:Drank tea:Worked out;;0
07.04.2016 21:48;08.04.2016 05:49;81%;08:00;;Ate late:Drank coffee:Drank tea:Worked out;;0
09.04.2016 00:51;09.04.2016 07:21;53%;06:30;;Drank coffee:Drank tea:Worked out;;0
09.04.2016 22:59;10.04.2016 07:59;94%;09:00;;Drank coffee:Drank tea:Worked out;;0
10.04.2016 22:04;11.04.2016 05:16;67%;07:12;;Drank tea;;0
11.04.2016 22:35;12.04.2016 05:54;82%;07:19;;Drank coffee:Drank tea:Stressful day:Worked out;;0
12.04.2016 22:18;13.04.2016 05:52;85%;07:33;;Drank coffee:Drank tea:Worked out;;0
13.04.2016 22:27;14.04.2016 06:13;77%;07:45;;Drank coffee:Drank tea:Worked out;;0
14.04.2016 21:43;15.04.2016 06:24;94%;08:41;;Drank coffee:Drank tea:Stressful day:Worked out;;0
15.04.2016 22:38;16.04.2016 07:25;81%;08:47;;Drank coffee:Drank tea;;0
17.04.2016 21:34;18.04.2016 06:26;75%;08:52;;Drank coffee:Drank tea;;0
19.04.2016 21:21;20.04.2016 06:20;79%;08:59;;Drank coffee:Drank tea:Worked out;;0
20.04.2016 21:25;21.04.2016 05:35;81%;08:09;;Ate late:Drank coffee:Drank tea:Worked out;;0
21.04.2016 21:54;22.04.2016 05:35;79%;07:40;;;;0
22.04.2016 05:37;22.04.2016 06:20;9%;00:42;;;;0
23.04.2016 00:46;23.04.2016 07:54;65%;07:07;;Drank coffee:Drank tea:Worked out;;0
24.04.2016 22:30;25.04.2016 06:14;81%;07:43;;Drank tea;;0
25.04.2016 22:07;26.04.2016 05:39;87%;07:31;;Ate late:Drank coffee:Drank tea:Worked out;;0
26.04.2016 22:48;27.04.2016 06:20;74%;07:32;;Drank coffee:Drank tea:Worked out;;0
27.04.2016 22:24;28.04.2016 06:25;92%;08:01;;Drank coffee:Drank tea:Worked out;;0
28.04.2016 22:23;29.04.2016 06:17;95%;07:53;;Drank coffee:Drank tea:Worked out;;0
29.04.2016 22:47;30.04.2016 05:57;81%;07:09;;Drank coffee:Drank tea:Worked out;;0
01.05.2016 21:27;02.05.2016 06:15;95%;08:47;;Drank coffee:Worked out;;0
02.05.2016 21:50;03.05.2016 06:20;85%;08:29;;Drank coffee:Worked out;;0
03.05.2016 22:19;04.05.2016 06:20;79%;08:01;;Drank coffee:Worked out;;0
04.05.2016 22:16;05.05.2016 06:30;83%;08:13;;Drank coffee:Drank tea:Worked out;;0
05.05.2016 22:20;06.05.2016 06:15;89%;07:54;;Ate late:Drank coffee;;0
06.05.2016 23:07;07.05.2016 07:08;87%;08:00;;Drank coffee:Drank tea:Stressful day:Worked out;;0
07.05.2016 23:20;08.05.2016 07:12;93%;07:51;;Drank coffee:Drank tea;;0
08.05.2016 23:44;09.05.2016 06:20;74%;06:36;;Drank coffee:Drank tea;;0
09.05.2016 22:10;10.05.2016 05:41;83%;07:30;;Drank coffee:Drank tea:Worked out;;0
10.05.2016 23:10;11.05.2016 05:30;74%;06:20;;Drank coffee:Drank tea:Worked out;;0
11.05.2016 22:43;12.05.2016 06:25;80%;07:41;;Drank coffee:Drank tea:Worked out;;0
12.05.2016 23:50;13.05.2016 06:50;83%;06:59;;Drank coffee:Drank tea:Worked out;;0
13.05.2016 23:08;14.05.2016 07:53;100%;08:45;;Drank coffee:Drank tea:Worked out;;0
15.05.2016 21:34;16.05.2016 06:07;81%;08:33;;Drank tea;;0
16.05.2016 21:34;17.05.2016 06:15;85%;08:40;;Drank coffee:Worked out;;0
17.05.2016 20:53;18.05.2016 06:10;83%;09:16;;Drank coffee:Worked out;;0
18.05.2016 22:26;19.05.2016 05:40;79%;07:14;;Drank coffee:Stressful day;;0
20.05.2016 00:00;20.05.2016 06:30;76%;06:30;;Drank coffee:Worked out;;0
20.05.2016 23:14;21.05.2016 07:34;91%;08:19;;Drank coffee:Worked out;;0
23.05.2016 22:34;24.05.2016 05:30;75%;06:55;;Drank coffee;;0
24.05.2016 22:00;25.05.2016 05:35;90%;07:35;;Drank coffee:Worked out;;0
25.05.2016 22:21;26.05.2016 06:31;88%;08:09;;Drank coffee:Worked out;;0
26.05.2016 22:08;27.05.2016 06:19;89%;08:11;;Drank coffee:Worked out;;0
28.05.2016 00:19;28.05.2016 07:15;72%;06:56;;Drank coffee:Worked out;;0
29.05.2016 22:04;30.05.2016 06:40;100%;08:36;;Drank coffee;;0
30.05.2016 22:07;31.05.2016 06:08;72%;08:00;;Drank coffee:Stressful day;;0
31.05.2016 23:02;01.06.2016 06:31;70%;07:28;;Drank coffee:Worked out;;0
01.06.2016 23:01;02.06.2016 05:48;67%;06:46;;Drank coffee:Worked out;;0
02.06.2016 22:51;03.06.2016 05:31;65%;06:39;;Drank coffee:Worked out;;0
05.06.2016 22:33;06.06.2016 05:51;71%;07:18;;Worked out;;0
06.06.2016 23:26;07.06.2016 05:31;70%;06:05;;Drank coffee:Worked out;;0
07.06.2016 22:32;08.06.2016 05:32;77%;06:59;;Drank coffee:Worked out;;0
08.06.2016 21:56;09.06.2016 06:16;76%;08:20;;Drank coffee:Worked out;;0
09.06.2016 22:07;10.06.2016 06:35;87%;08:27;;Ate late:Drank coffee:Worked out;;0
11.06.2016 22:42;12.06.2016 08:41;93%;09:58;;Drank tea;;0
12.06.2016 22:52;13.06.2016 06:32;77%;07:39;;Drank tea;;0
13.06.2016 22:03;14.06.2016 06:26;82%;08:22;;Drank tea:Worked out;;0
14.06.2016 22:32;15.06.2016 06:30;68%;07:58;;Drank coffee:Drank tea;;0
16.06.2016 00:46;16.06.2016 06:25;64%;05:38;;Drank coffee:Drank tea:Worked out;;0
16.06.2016 22:06;17.06.2016 06:01;83%;07:54;;Drank coffee:Drank tea:Worked out;;0
17.06.2016 23:28;18.06.2016 07:23;79%;07:54;;Drank coffee:Drank tea:Worked out;;0
19.06.2016 23:00;20.06.2016 06:00;74%;06:59;;Drank coffee;;0
20.06.2016 22:34;21.06.2016 05:50;83%;07:15;;Drank coffee:Worked out;;0
21.06.2016 22:11;22.06.2016 05:40;83%;07:29;;Drank coffee:Worked out;;0
22.06.2016 22:41;23.06.2016 06:22;82%;07:41;;Drank coffee:Worked out;;0
23.06.2016 22:32;24.06.2016 06:32;86%;08:00;;Drank coffee:Worked out;;0
26.06.2016 22:16;27.06.2016 06:30;64%;08:14;;Drank coffee;;0
27.06.2016 23:48;28.06.2016 06:47;62%;06:58;;Drank coffee:Stressful day:Worked out;;0
28.06.2016 23:10;29.06.2016 06:35;77%;07:25;;Drank coffee:Worked out;;0
29.06.2016 22:32;30.06.2016 05:55;83%;07:23;;Drank coffee:Stressful day:Worked out;;0
01.07.2016 23:32;02.07.2016 07:32;90%;08:00;;Drank coffee;;0
03.07.2016 21:49;04.07.2016 06:02;86%;08:12;;;;0
04.07.2016 21:39;05.07.2016 05:50;85%;08:11;;Drank coffee:Worked out;;0
05.07.2016 22:48;06.07.2016 06:05;75%;07:16;;Drank coffee:Stressful day:Worked out;;0
06.07.2016 22:13;07.07.2016 06:15;92%;08:02;;Drank coffee:Worked out;;0
07.07.2016 22:53;08.07.2016 07:05;96%;08:12;;Drank coffee:Worked out;;0
10.07.2016 22:18;11.07.2016 06:17;85%;07:59;;Drank coffee;;0
11.07.2016 21:24;12.07.2016 06:15;99%;08:50;;Drank coffee:Worked out;;0
12.07.2016 22:02;13.07.2016 06:15;96%;08:13;;Drank coffee:Worked out;;0
13.07.2016 23:13;14.07.2016 06:15;78%;07:02;;Drank coffee:Worked out;;0
14.07.2016 22:39;15.07.2016 06:15;84%;07:35;;Drank coffee:Stressful day:Worked out;;0
16.07.2016 00:32;16.07.2016 08:19;87%;07:47;;Drank coffee:Worked out;;0
16.07.2016 23:20;17.07.2016 07:31;98%;08:10;;Drank coffee:Worked out;;0
17.07.2016 22:23;18.07.2016 06:00;76%;07:37;;Drank coffee:Worked out;;0
18.07.2016 22:57;19.07.2016 06:05;77%;07:08;;Drank coffee:Stressful day:Worked out;;0
19.07.2016 22:36;20.07.2016 05:50;77%;07:14;;Drank coffee:Worked out;;0
20.07.2016 22:25;21.07.2016 05:56;82%;07:30;;Drank coffee:Worked out;;0
21.07.2016 23:07;22.07.2016 07:00;87%;07:52;;Drank coffee:Worked out;;0
22.07.2016 22:20;23.07.2016 07:56;99%;09:35;;Drank coffee;;0
23.07.2016 23:47;24.07.2016 07:56;74%;08:09;;Drank coffee;;0
24.07.2016 22:45;25.07.2016 06:14;81%;07:28;;Drank coffee:Worked out;;0
25.07.2016 21:54;26.07.2016 06:02;86%;08:07;;Drank coffee:Worked out;;0
26.07.2016 23:03;27.07.2016 06:11;84%;07:07;;Drank coffee:Worked out;;0
27.07.2016 22:49;28.07.2016 07:11;95%;08:21;;Drank coffee:Stressful day:Worked out;;0
28.07.2016 22:25;29.07.2016 03:35;35%;05:10;;Drank coffee;;0
16.08.2016 22:05;17.08.2016 05:50;96%;07:44;;Drank coffee:Drank tea:Stressful day;;0
17.08.2016 22:42;18.08.2016 06:15;78%;07:33;;Ate late:Drank coffee:Worked out;;7200
18.08.2016 21:58;19.08.2016 06:23;36%;08:24;;Drank coffee:Worked out;;3444
20.08.2016 22:04;21.08.2016 08:33;56%;10:28;;Drank coffee;;7901
21.08.2016 22:08;22.08.2016 06:20;52%;08:11;;Drank coffee:Drank tea;;3786
22.08.2016 22:13;23.08.2016 06:22;35%;08:09;;Drank coffee:Worked out;;2668
23.08.2016 23:08;24.08.2016 06:38;51%;07:30;;Drank coffee:Worked out;;4213
24.08.2016 21:51;25.08.2016 06:10;54%;08:19;;Drank coffee:Worked out;;2210
25.08.2016 22:06;26.08.2016 06:19;55%;08:13;;Drank coffee:Worked out;;3040
26.08.2016 23:49;27.08.2016 07:26;46%;07:37;;Drank coffee:Worked out;;3887
27.08.2016 23:52;28.08.2016 08:25;48%;08:33;;Drank coffee;;5631
28.08.2016 22:52;29.08.2016 06:40;36%;07:48;;Drank coffee;;10059
29.08.2016 22:10;30.08.2016 06:20;40%;08:09;;Drank coffee:Worked out;;3698
30.08.2016 22:21;31.08.2016 06:20;49%;07:59;;Drank coffee:Worked out;;4399
31.08.2016 22:33;01.09.2016 06:20;49%;07:47;;Drank coffee:Worked out;;4015
01.09.2016 23:08;02.09.2016 05:58;54%;06:50;;Drank coffee:Worked out;;4374
02.09.2016 22:38;03.09.2016 07:47;67%;09:09;;Drank coffee;;5038
04.09.2016 23:28;05.09.2016 08:00;61%;08:32;;Drank coffee;;827
05.09.2016 21:00;06.09.2016 06:20;41%;09:20;;Drank tea:Worked out;;2542
06.09.2016 22:11;07.09.2016 06:22;70%;08:10;;Drank tea:Worked out;;7370
07.09.2016 22:31;08.09.2016 06:21;69%;07:50;;Drank tea:Worked out;;5658
08.09.2016 22:28;09.09.2016 06:10;61%;07:41;;Drank tea:Worked out;;7107
10.09.2016 00:45;10.09.2016 07:06;58%;06:21;;Drank coffee:Worked out;;7048
10.09.2016 22:44;11.09.2016 06:01;33%;07:17;;Drank tea;;6925
11.09.2016 23:05;12.09.2016 06:20;60%;07:14;;Drank coffee;;1130
12.09.2016 22:46;13.09.2016 06:20;67%;07:34;;Drank tea:Worked out;;7025
13.09.2016 21:55;14.09.2016 06:07;59%;08:12;;Drank tea:Worked out;;5955
14.09.2016 22:26;15.09.2016 06:20;65%;07:53;;Drank tea:Worked out;;9243
17.09.2016 22:26;18.09.2016 08:22;70%;09:56;;Drank coffee;;908
18.09.2016 22:28;19.09.2016 06:24;57%;07:55;;Drank coffee:Worked out;;2191
19.09.2016 22:14;20.09.2016 06:22;60%;08:07;;Drank tea:Worked out;;11650
20.09.2016 22:39;21.09.2016 06:15;57%;07:36;;Drank tea:Worked out;;10842
21.09.2016 22:11;22.09.2016 06:11;60%;07:59;;Drank tea;;5765
22.09.2016 22:26;23.09.2016 06:55;70%;08:29;;Drank tea:Worked out;;8047
25.09.2016 22:53;26.09.2016 06:24;58%;07:31;;Drank coffee:Drank tea:Worked out;;359
26.09.2016 22:17;27.09.2016 06:20;55%;08:03;;Drank tea:Stressful day:Worked out;;8733
27.09.2016 22:22;28.09.2016 06:06;55%;07:44;;Drank tea:Worked out;;6963
28.09.2016 23:10;29.09.2016 06:20;60%;07:09;;Drank coffee:Drank tea:Worked out;;10392
29.09.2016 22:50;30.09.2016 06:20;53%;07:29;;Drank coffee:Worked out;;7230
01.10.2016 00:06;01.10.2016 08:27;67%;08:20;;Drank coffee:Drank tea:Worked out;;7255
01.10.2016 23:23;02.10.2016 07:50;55%;08:26;;Drank coffee;;4555
02.10.2016 23:29;03.10.2016 06:25;54%;06:56;;Drank coffee:Drank tea;;8954
03.10.2016 22:24;04.10.2016 06:03;62%;07:38;;Drank coffee:Drank tea:Worked out;;9726
04.10.2016 21:53;05.10.2016 06:21;66%;08:28;;Drank tea:Worked out;;8587
05.10.2016 22:33;06.10.2016 06:21;54%;07:48;;Drank tea:Worked out;;8612
07.10.2016 00:07;07.10.2016 06:40;52%;06:33;;Drank tea:Worked out;;8737
07.10.2016 23:18;08.10.2016 07:20;71%;08:02;;Drank coffee:Drank tea:Worked out;;10375
10.10.2016 22:38;11.10.2016 06:28;59%;07:49;;Drank coffee:Drank tea:Worked out;;21870
11.10.2016 22:28;12.10.2016 06:14;56%;07:45;;Drank tea:Worked out;;10106
12.10.2016 22:48;13.10.2016 06:05;65%;07:16;;Drank coffee:Worked out;;9308
13.10.2016 22:26;14.10.2016 06:30;61%;08:04;;Drank coffee:Worked out;;8406
15.10.2016 23:00;16.10.2016 07:31;71%;08:30;;Drank coffee;;779
16.10.2016 22:52;17.10.2016 06:20;50%;07:27;;Drank coffee:Drank tea;;3932
17.10.2016 22:53;18.10.2016 06:27;63%;07:34;;Drank coffee:Drank tea:Worked out;;10266
18.10.2016 22:34;19.10.2016 06:10;67%;07:35;;Drank coffee:Stressful day:Worked out;;10540
19.10.2016 22:13;20.10.2016 05:49;64%;07:35;;Drank coffee:Worked out;;8164
20.10.2016 22:14;21.10.2016 06:33;67%;08:19;;Drank coffee:Drank tea:Worked out;;7271
22.10.2016 01:38;22.10.2016 07:18;54%;05:39;;Drank coffee:Drank tea;;6044
23.10.2016 00:07;23.10.2016 08:47;81%;08:40;;Drank coffee;;7682
23.10.2016 22:21;24.10.2016 06:23;66%;08:01;;Drank coffee:Drank tea;;6719
24.10.2016 23:04;25.10.2016 06:25;65%;07:21;;Drank coffee:Drank tea:Worked out;;8273
25.10.2016 22:48;26.10.2016 06:35;69%;07:46;;Drank tea:Worked out;;6366
26.10.2016 22:55;27.10.2016 06:26;72%;07:30;;Drank coffee:Drank tea:Worked out;;9368
27.10.2016 23:03;28.10.2016 06:35;63%;07:32;;Drank coffee:Drank tea:Worked out;;7967
29.10.2016 00:16;29.10.2016 07:51;66%;07:34;;Drank coffee:Drank tea;;8641
30.10.2016 22:46;31.10.2016 06:10;68%;07:23;;Drank coffee:Worked out;;1283
01.11.2016 22:19;02.11.2016 05:57;68%;07:37;;Drank tea:Stressful day:Worked out;;4542
02.11.2016 22:52;03.11.2016 06:30;72%;07:38;;Drank coffee:Drank tea:Stressful day;;2870
04.11.2016 00:13;04.11.2016 06:15;52%;06:01;;Drank coffee:Drank tea:Stressful day;;10506
04.11.2016 22:49;05.11.2016 07:58;80%;09:08;;Drank coffee:Stressful day;;6716
06.11.2016 21:58;07.11.2016 05:47;65%;07:49;;Drank coffee;;6623
07.11.2016 22:16;08.11.2016 05:51;70%;07:35;;Drank tea:Worked out;;6608
08.11.2016 22:51;09.11.2016 05:48;62%;06:56;;Drank coffee:Drank tea:Worked out;;7119
09.11.2016 22:37;10.11.2016 05:55;65%;07:17;;Drank coffee:Drank tea:Worked out;;8981
10.11.2016 23:58;11.11.2016 07:19;56%;07:20;;Drank coffee:Drank tea:Worked out;;7385
11.11.2016 23:25;12.11.2016 07:16;74%;07:51;;Drank coffee:Drank tea;;737
15.11.2016 22:14;16.11.2016 07:35;72%;09:20;;Drank tea;;5274
16.11.2016 23:10;17.11.2016 07:07;70%;07:56;;Drank coffee;;2670
17.11.2016 23:15;18.11.2016 06:59;73%;07:44;;Drank tea;;5825
18.11.2016 23:37;19.11.2016 07:13;70%;07:36;;Drank coffee:Drank tea;;5971
19.11.2016 23:47;20.11.2016 07:53;81%;08:05;;Drank tea;;1540
20.11.2016 23:00;21.11.2016 07:02;80%;08:01;;Drank coffee:Drank tea;;847
21.11.2016 22:38;22.11.2016 05:40;68%;07:01;;Drank coffee:Drank tea;;6149
22.11.2016 21:26;23.11.2016 05:40;80%;08:13;;Drank tea:Worked out;;10585
23.11.2016 22:44;24.11.2016 06:10;73%;07:25;;Drank coffee:Drank tea:Worked out;;10248
24.11.2016 22:00;25.11.2016 06:39;88%;08:39;;Drank tea:Worked out;;6536
25.11.2016 23:09;26.11.2016 07:40;89%;08:30;;Drank coffee:Drank tea;;5628
27.11.2016 22:01;28.11.2016 06:18;75%;08:16;;Drank tea;;595
28.11.2016 22:35;29.11.2016 06:26;83%;07:50;;Drank tea:Worked out;;7499
29.11.2016 23:33;30.11.2016 06:31;71%;06:57;;Drank tea;;3196
30.11.2016 21:12;01.12.2016 05:13;89%;08:01;;Drank coffee:Drank tea;;3763
01.12.2016 05:14;01.12.2016 06:38;17%;01:24;;;;3763
01.12.2016 21:40;02.12.2016 05:11;71%;07:31;;Drank tea;;4904
04.12.2016 01:18;04.12.2016 09:20;89%;08:02;;Drank coffee:Drank tea;;3158
04.12.2016 21:45;05.12.2016 05:45;78%;08:00;;Drank tea;;4514
05.12.2016 21:44;06.12.2016 05:40;79%;07:55;;Drank tea:Worked out;;7137
06.12.2016 22:13;07.12.2016 05:46;72%;07:32;;Drank tea:Worked out;;7709
07.12.2016 22:46;08.12.2016 06:19;82%;07:32;;Drank coffee:Drank tea:Worked out;;10521
08.12.2016 23:32;09.12.2016 06:47;69%;07:15;;Drank coffee:Drank tea:Worked out;;9338
09.12.2016 22:48;10.12.2016 08:11;79%;09:23;;Drank tea;;4629
11.12.2016 01:07;11.12.2016 08:27;82%;07:19;;Drank coffee:Worked out;;5776
11.12.2016 22:14;12.12.2016 06:16;85%;08:01;;Drank tea;;168
12.12.2016 22:56;13.12.2016 06:35;81%;07:38;;Drank coffee:Drank tea;;6964
13.12.2016 22:02;14.12.2016 06:05;83%;08:02;;Drank coffee:Drank tea:Worked out;;3448
14.12.2016 21:57;15.12.2016 06:18;74%;08:20;;Drank tea;;4114
15.12.2016 21:29;16.12.2016 05:00;75%;07:31;;Drank tea;;7112
18.12.2016 22:35;19.12.2016 05:47;78%;07:11;;Drank coffee:Drank tea;;3391
19.12.2016 21:49;20.12.2016 06:35;96%;08:46;;Drank tea;;2335
20.12.2016 23:48;21.12.2016 07:09;84%;07:20;;Drank tea;;7293
21.12.2016 23:56;22.12.2016 07:30;86%;07:33;;Drank coffee:Drank tea;;8488
22.12.2016 23:07;23.12.2016 07:07;74%;08:00;;Drank coffee:Drank tea:Stressful day;;5701
27.12.2016 23:17;28.12.2016 07:22;69%;08:05;;Drank coffee:Drank tea;;4509
30.12.2016 23:25;31.12.2016 08:26;92%;09:00;;Drank coffee:Drank tea;;3868
02.01.2017 22:35;03.01.2017 05:10;73%;06:34;;Drank coffee:Drank tea;;5216
03.01.2017 05:11;03.01.2017 06:30;17%;01:19;;;;5216
03.01.2017 21:47;04.01.2017 05:57;87%;08:09;;Drank tea;;3669
04.01.2017 22:40;05.01.2017 06:10;87%;07:29;;Drank coffee:Drank tea:Worked out;;10856
05.01.2017 22:39;06.01.2017 06:42;93%;08:02;;Drank tea:Worked out;;7787
06.01.2017 23:14;07.01.2017 08:43;90%;09:29;;Drank coffee:Drank tea;;10344
08.01.2017 00:34;08.01.2017 07:56;79%;07:22;;Drank tea;;3094
08.01.2017 22:07;09.01.2017 06:23;84%;08:16;;Drank tea;;202
09.01.2017 22:42;10.01.2017 06:40;65%;07:57;;Drank coffee:Drank tea;;7122
10.01.2017 22:20;11.01.2017 06:14;84%;07:54;;Drank coffee:Drank tea;;1734
11.01.2017 22:14;12.01.2017 05:22;73%;07:07;;Drank coffee:Drank tea;;2562
12.01.2017 22:13;13.01.2017 05:31;64%;07:17;;Ate late:Drank coffee:Drank tea;;8076
13.01.2017 23:27;14.01.2017 07:22;89%;07:54;;Drank tea:Worked out;;12802
15.01.2017 23:25;16.01.2017 06:58;74%;07:32;;Drank coffee:Drank tea:Worked out;;12258
16.01.2017 21:58;17.01.2017 05:11;71%;07:12;;Drank tea;;4540
17.01.2017 05:12;17.01.2017 07:20;24%;02:08;;;;4540
17.01.2017 22:23;18.01.2017 05:01;57%;06:37;;Drank tea;;173
18.01.2017 22:22;19.01.2017 06:31;76%;08:09;;Drank tea;;6368
19.01.2017 22:14;20.01.2017 06:30;92%;08:15;;Drank coffee:Drank tea;;1740
20.01.2017 23:07;21.01.2017 07:45;78%;08:38;;Drank tea;;5056
21.01.2017 23:12;22.01.2017 07:42;96%;08:29;;Drank tea;;4223
22.01.2017 22:03;23.01.2017 06:25;64%;08:22;;Drank tea;;4336
23.01.2017 22:34;24.01.2017 06:09;89%;07:35;;Drank coffee:Drank tea;;4772
24.01.2017 22:55;25.01.2017 06:13;84%;07:17;;Drank coffee:Drank tea;;3492
25.01.2017 20:54;26.01.2017 05:09;85%;08:15;;Drank tea:Worked out;;6010
26.01.2017 22:12;27.01.2017 04:58;54%;06:45;;Drank coffee:Drank tea:Worked out;;4200
27.01.2017 04:58;27.01.2017 06:40;21%;01:42;;;;4200
27.01.2017 23:22;28.01.2017 07:25;91%;08:02;;Drank coffee:Drank tea;;4573
30.01.2017 23:27;31.01.2017 06:01;63%;06:34;;Drank coffee;;3228
31.01.2017 22:44;01.02.2017 06:20;78%;07:36;;Drank coffee:Drank tea:Worked out;;5379
01.02.2017 22:41;02.02.2017 06:10;74%;07:29;;Drank coffee:Drank tea:Worked out;;7521
02.02.2017 22:19;03.02.2017 06:31;85%;08:11;;Drank coffee:Drank tea;;2309
03.02.2017 23:58;04.02.2017 07:08;80%;07:09;;Drank coffee:Drank tea;;2983
04.02.2017 23:45;05.02.2017 07:20;68%;07:35;;Drank coffee:Drank tea;;6833
05.02.2017 22:53;06.02.2017 06:30;75%;07:36;;Drank coffee:Drank tea;;7665
06.02.2017 22:30;07.02.2017 06:20;71%;07:50;;Ate late:Drank coffee:Drank tea:Worked out;;7552
07.02.2017 23:34;08.02.2017 06:30;71%;06:55;;Drank coffee:Drank tea;;5339
08.02.2017 23:46;09.02.2017 06:27;68%;06:40;;Drank coffee:Drank tea;;4076
09.02.2017 22:31;10.02.2017 05:00;62%;06:28;;Drank coffee:Drank tea:Stressful day:Worked out;;12892
10.02.2017 05:00;10.02.2017 06:36;21%;01:36;;;;12892
10.02.2017 22:37;11.02.2017 07:07;100%;08:30;;Drank tea;;3417
12.02.2017 21:49;13.02.2017 07:06;63%;09:16;;Drank coffee:Drank tea;;2756
13.02.2017 21:51;14.02.2017 05:02;74%;07:10;;Drank coffee:Drank tea;;6003
14.02.2017 05:02;14.02.2017 06:36;12%;01:33;;;;6003
14.02.2017 23:17;15.02.2017 06:13;59%;06:55;;Drank coffee:Drank tea;;3588
15.02.2017 22:36;16.02.2017 06:25;44%;07:48;;Drank coffee:Drank tea;;5558
16.02.2017 22:33;17.02.2017 06:31;83%;07:58;;Drank coffee:Drank tea;;3301
17.02.2017 23:49;18.02.2017 08:09;93%;08:20;;Drank coffee:Drank tea;;3027
19.02.2017 00:28;19.02.2017 08:16;79%;07:48;;Drank tea;;3361
19.02.2017 22:12;20.02.2017 06:16;66%;08:04;;Drank coffee:Drank tea;;460
20.02.2017 22:43;21.02.2017 06:27;76%;07:43;;Drank tea;;7419
21.02.2017 23:14;22.02.2017 06:26;72%;07:11;;Drank coffee:Drank tea;;5499
22.02.2017 21:30;23.02.2017 05:02;83%;07:31;;Drank tea;;4258
23.02.2017 22:15;24.02.2017 05:34;81%;07:19;;Drank coffee:Drank tea;;5862
24.02.2017 05:34;24.02.2017 06:30;12%;00:55;;;;5862
25.02.2017 02:46;25.02.2017 09:52;80%;07:06;;Ate late:Drank coffee:Drank tea:Worked out;;6388
26.02.2017 00:40;26.02.2017 07:47;77%;07:07;;Drank tea;;4275
27.02.2017 22:16;28.02.2017 05:50;81%;07:34;;Drank coffee;;2499
28.02.2017 21:39;01.03.2017 05:40;87%;08:01;;Drank coffee:Drank tea:Worked out;;7351
01.03.2017 05:43;01.03.2017 06:40;12%;00:57;;;;7351
01.03.2017 22:23;02.03.2017 06:30;85%;08:07;;Drank coffee:Drank tea;;6109
02.03.2017 22:22;03.03.2017 06:18;81%;07:55;;Drank coffee:Drank tea:Worked out;;6388
05.03.2017 00:12;05.03.2017 08:28;96%;08:16;;Drank coffee:Drank tea;;6785
05.03.2017 22:01;06.03.2017 06:08;93%;08:07;;Drank coffee:Drank tea;;171
06.03.2017 22:01;07.03.2017 06:22;97%;08:21;;Drank coffee:Drank tea;;4670
07.03.2017 22:13;08.03.2017 06:15;90%;08:01;;Drank coffee:Drank tea:Worked out;;7000
08.03.2017 21:13;09.03.2017 06:18;85%;09:05;;Drank coffee:Drank tea;;3744
09.03.2017 21:48;10.03.2017 05:01;71%;07:13;;Drank coffee:Drank tea:Worked out;;7028
10.03.2017 22:42;11.03.2017 06:57;86%;08:14;;Drank coffee:Drank tea;;2679
12.03.2017 22:39;13.03.2017 06:33;80%;07:53;;Drank coffee:Drank tea;;1572
13.03.2017 21:20;14.03.2017 05:02;81%;07:42;;Drank tea:Worked out;;6212
14.03.2017 21:06;15.03.2017 05:23;89%;08:17;;Drank tea:Worked out;;5933
15.03.2017 22:33;16.03.2017 06:17;71%;07:44;;Drank coffee:Drank tea:Worked out;;9185
16.03.2017 22:33;17.03.2017 06:37;95%;08:04;;Drank coffee:Drank tea:Worked out;;7887
17.03.2017 22:55;18.03.2017 08:02;99%;09:07;;Drank coffee:Drank tea;;10528
18.03.2017 22:26;19.03.2017 07:21;89%;08:54;;Drank tea;;302
20.03.2017 00:02;20.03.2017 07:20;79%;07:18;;Drank coffee:Drank tea;;2750
20.03.2017 23:35;21.03.2017 07:16;88%;07:41;;Drank coffee:Drank tea;;3695
21.03.2017 23:20;22.03.2017 06:21;79%;07:01;;Drank coffee:Drank tea;;1913
22.03.2017 22:02;23.03.2017 05:15;72%;07:12;;Drank tea:Worked out;;7155
23.03.2017 22:20;24.03.2017 05:41;76%;07:21;;Drank coffee:Drank tea:Worked out;;7810
25.03.2017 23:19;26.03.2017 07:16;100%;07:56;;Drank coffee:Drank tea;;3549
26.03.2017 22:03;27.03.2017 05:33;83%;07:29;;Drank coffee:Drank tea:Worked out;;3554
27.03.2017 21:19;28.03.2017 05:42;78%;08:22;;Drank tea:Worked out;;7562
28.03.2017 22:29;29.03.2017 05:41;78%;07:11;;Drank coffee:Drank tea:Worked out;;7823
29.03.2017 22:29;30.03.2017 06:04;79%;07:34;;Drank coffee:Drank tea:Worked out;;7708
30.03.2017 22:42;31.03.2017 07:33;93%;08:51;;Drank coffee:Drank tea:Worked out;;8615
01.04.2017 02:10;01.04.2017 08:37;80%;06:27;;Drank coffee:Drank tea;;9461
01.04.2017 21:22;02.04.2017 07:16;95%;09:54;;Drank tea;;4595
02.04.2017 22:01;03.04.2017 06:20;90%;08:19;;Drank coffee:Drank tea:Worked out;;2835
03.04.2017 21:58;04.04.2017 06:01;92%;08:03;;Drank tea;;1898
04.04.2017 22:01;05.04.2017 06:11;81%;08:09;;Drank tea:Worked out;;8396
05.04.2017 23:45;06.04.2017 06:20;73%;06:35;;Drank coffee:Drank tea:Worked out;;7948
06.04.2017 23:12;07.04.2017 06:20;68%;07:07;;Drank coffee:Drank tea:Worked out;;14408
08.04.2017 00:00;08.04.2017 07:30;75%;07:29;;Drank coffee:Drank tea:Worked out;;8646
10.04.2017 00:52;10.04.2017 06:32;65%;05:40;;Drank coffee;;771
10.04.2017 22:21;11.04.2017 05:41;70%;07:19;;Drank tea:Worked out;;11355
11.04.2017 06:03;11.04.2017 06:31;6%;00:27;;;;0
11.04.2017 22:39;12.04.2017 05:55;67%;07:16;;;;4153
12.04.2017 21:42;13.04.2017 06:54;74%;09:11;;Drank tea;;1318
13.04.2017 23:52;14.04.2017 08:05;83%;08:12;;Drank coffee:Drank tea;;889
14.04.2017 21:45;15.04.2017 07:52;88%;10:07;;Drank tea;;4787
15.04.2017 23:23;16.04.2017 07:05;73%;07:42;;Drank tea;;4581
17.04.2017 00:06;17.04.2017 07:51;83%;07:44;;Drank coffee:Drank tea;;1510
17.04.2017 22:12;18.04.2017 05:54;66%;07:41;;Drank coffee:Drank tea;;780
18.04.2017 22:43;19.04.2017 06:20;59%;07:36;;Drank coffee:Drank tea:Worked out;;6284
19.04.2017 21:39;20.04.2017 05:30;75%;07:51;;;;8213
20.04.2017 22:15;21.04.2017 05:41;75%;07:26;;Drank coffee:Drank tea:Worked out;;7905
21.04.2017 22:36;22.04.2017 07:46;83%;09:09;;Drank coffee:Drank tea:Worked out;;8072
23.04.2017 00:53;23.04.2017 08:38;86%;07:44;;Drank coffee:Drank tea;;2666
23.04.2017 22:31;24.04.2017 06:31;75%;07:59;;Drank coffee;;3042
24.04.2017 23:07;25.04.2017 06:34;72%;07:27;;Drank coffee:Drank tea:Worked out;;10319
25.04.2017 22:20;26.04.2017 06:20;85%;08:00;;Drank coffee:Drank tea:Worked out;;8358
26.04.2017 22:25;27.04.2017 06:32;68%;08:06;;Drank coffee:Drank tea:Worked out;;7337
27.04.2017 22:48;28.04.2017 06:40;64%;07:51;;Drank coffee:Drank tea:Worked out;;6551
28.04.2017 23:39;29.04.2017 08:17;90%;08:37;;Drank coffee:Drank tea:Stressful day;;3357
29.04.2017 23:39;30.04.2017 07:23;74%;07:43;;Drank coffee:Drank tea;;2668
30.04.2017 22:28;01.05.2017 06:16;72%;07:47;;Drank coffee:Drank tea:Worked out;;7491
01.05.2017 22:00;02.05.2017 06:17;74%;08:16;;Drank coffee:Drank tea:Worked out;;11475
02.05.2017 21:47;03.05.2017 06:04;77%;08:16;;Drank coffee:Drank tea:Worked out;;4810
03.05.2017 22:59;04.05.2017 06:20;59%;07:21;;Drank coffee:Drank tea:Worked out;;6932
04.05.2017 22:37;05.05.2017 06:10;73%;07:32;;Drank coffee:Drank tea:Worked out;;5954
06.05.2017 00:25;06.05.2017 07:45;83%;07:20;;Drank coffee:Drank tea:Worked out;;11070
07.05.2017 21:51;08.05.2017 06:10;81%;08:18;;Drank coffee;;4310
08.05.2017 22:28;09.05.2017 06:11;66%;07:43;;Drank coffee:Drank tea:Worked out;;8598
09.05.2017 23:33;10.05.2017 06:03;64%;06:29;;Drank coffee:Drank tea:Worked out;;6073
10.05.2017 06:04;10.05.2017 07:45;18%;01:40;;;;0
10.05.2017 22:43;11.05.2017 06:16;82%;07:32;;Drank coffee:Drank tea;;2854
11.05.2017 21:52;12.05.2017 06:40;95%;08:47;;Drank coffee:Drank tea:Worked out;;4280
13.05.2017 00:42;13.05.2017 07:41;73%;06:59;;Drank coffee:Drank tea:Worked out;;4068
14.05.2017 00:04;14.05.2017 08:11;73%;08:06;;Drank tea;;3298
14.05.2017 21:57;15.05.2017 06:20;77%;08:22;;Drank coffee:Drank tea;;3958
15.05.2017 22:55;16.05.2017 06:30;75%;07:34;;Drank coffee:Drank tea:Worked out;;7661
16.05.2017 22:41;17.05.2017 06:17;73%;07:36;;Drank tea;;1865
17.05.2017 22:44;18.05.2017 06:40;90%;07:56;;Drank coffee:Drank tea:Worked out;;6764
18.05.2017 23:17;19.05.2017 06:27;88%;07:10;;Drank coffee:Drank tea:Stressful day:Worked out;;82
20.05.2017 01:04;20.05.2017 08:56;73%;07:52;;Drank coffee:Drank tea:Worked out;;5606
22.05.2017 22:29;23.05.2017 07:35;90%;09:06;;Drank tea:Worked out;;8858
24.05.2017 00:14;24.05.2017 07:46;70%;07:32;;Drank coffee:Worked out;;14276
24.05.2017 22:09;25.05.2017 06:37;82%;08:28;;Drank tea:Worked out;;3884
25.05.2017 22:19;26.05.2017 06:24;73%;08:04;;Drank tea:Worked out;;4565
28.05.2017 00:18;28.05.2017 08:01;81%;07:43;;Drank coffee:Worked out;;3770
28.05.2017 22:37;29.05.2017 06:18;75%;07:41;;Drank coffee;;1450
29.05.2017 22:28;30.05.2017 06:11;88%;07:42;;Drank coffee:Stressful day:Worked out;;7711
30.05.2017 21:59;31.05.2017 06:20;75%;08:21;;Ate late:Drank coffee:Worked out;;6430
31.05.2017 22:26;01.06.2017 05:45;86%;07:19;;Drank coffee:Drank tea:Worked out;;6964
01.06.2017 22:59;02.06.2017 06:40;80%;07:41;;Drank coffee:Drank tea:Worked out;;4562
02.06.2017 22:05;03.06.2017 06:11;69%;08:05;;Drank coffee:Drank tea;;1867
03.06.2017 21:56;04.06.2017 07:13;72%;09:16;;Drank coffee:Worked out;;8205
04.06.2017 23:14;05.06.2017 06:21;67%;07:06;;Drank coffee;;6705
05.06.2017 22:30;06.06.2017 06:17;74%;07:47;;Drank coffee:Worked out;;7820
06.06.2017 21:38;07.06.2017 05:53;76%;08:14;;Drank coffee:Drank tea:Stressful day:Worked out;;5391
07.06.2017 22:54;08.06.2017 06:34;41%;07:40;;Drank coffee:Drank tea:Worked out;;10542
08.06.2017 21:47;09.06.2017 06:17;70%;08:30;;Drank tea;;255
10.06.2017 00:07;10.06.2017 07:55;67%;07:47;;;;10427
11.06.2017 22:18;12.06.2017 06:10;78%;07:52;;;;6507
12.06.2017 21:44;13.06.2017 06:17;93%;08:32;;;;10373
13.06.2017 22:18;14.06.2017 06:12;74%;07:54;;;;9204
14.06.2017 22:34;15.06.2017 06:13;68%;07:38;;;;5027
15.06.2017 22:19;16.06.2017 06:07;76%;07:48;;;;7106
18.06.2017 05:01;18.06.2017 07:34;31%;02:33;;;;12153
18.06.2017 07:35;18.06.2017 08:09;7%;00:34;;;;804
18.06.2017 22:22;19.06.2017 06:02;66%;07:39;;;;5251
19.06.2017 22:57;20.06.2017 06:24;70%;07:26;;;;6672
20.06.2017 22:31;21.06.2017 06:15;77%;07:43;;;;7007
21.06.2017 06:16;21.06.2017 07:03;10%;00:47;;;;0
21.06.2017 22:32;22.06.2017 06:10;72%;07:37;;;;4898
22.06.2017 23:37;23.06.2017 06:38;59%;07:00;;;;7064
23.06.2017 23:26;24.06.2017 07:11;74%;07:44;;;;114
25.06.2017 22:08;26.06.2017 06:18;83%;08:10;;;;3403
26.06.2017 21:24;27.06.2017 06:15;90%;08:51;;;;6043
27.06.2017 21:52;28.06.2017 06:33;86%;08:41;;;;8946
28.06.2017 21:53;29.06.2017 06:21;69%;08:28;;;;7778
29.06.2017 22:32;30.06.2017 06:33;77%;08:00;;;;5510
03.07.2017 00:31;03.07.2017 07:44;81%;07:12;;;;17770
03.07.2017 22:37;04.07.2017 06:18;73%;07:41;;;;10604
04.07.2017 22:07;05.07.2017 05:55;74%;07:48;;;;7474
05.07.2017 21:48;06.07.2017 05:43;66%;07:55;;;;6430
06.07.2017 22:33;07.07.2017 06:31;73%;07:57;;;;11076
09.07.2017 22:36;10.07.2017 05:59;70%;07:22;;;;12647
10.07.2017 22:25;11.07.2017 06:01;74%;07:35;;;;4260
11.07.2017 21:39;12.07.2017 06:06;65%;08:26;;;;5504
12.07.2017 23:12;13.07.2017 06:25;67%;07:13;;;;6915
13.07.2017 22:30;14.07.2017 06:45;81%;08:14;;;;3919
15.07.2017 01:10;15.07.2017 07:54;78%;06:43;;;;5342
16.07.2017 02:12;16.07.2017 07:53;69%;05:40;;;;3739
16.07.2017 22:08;17.07.2017 06:25;70%;08:17;;;;5925
17.07.2017 22:51;18.07.2017 06:17;71%;07:26;;;;4840
18.07.2017 22:00;19.07.2017 06:39;84%;08:39;;;;5157
19.07.2017 21:45;20.07.2017 05:55;87%;08:09;;;;4336
22.07.2017 01:06;22.07.2017 07:54;68%;06:48;;;;135
22.07.2017 23:13;23.07.2017 07:10;78%;07:57;;;;5579
23.07.2017 21:57;24.07.2017 05:49;84%;07:51;;;;3901
25.07.2017 05:34;25.07.2017 05:55;5%;00:21;;;;6485
25.07.2017 22:04;26.07.2017 05:48;87%;07:43;;;;5451
26.07.2017 22:29;27.07.2017 06:05;74%;07:35;;;;2899
27.07.2017 21:53;28.07.2017 05:50;51%;07:57;;;;1552
28.07.2017 23:29;29.07.2017 06:22;38%;06:53;;;;5221
29.07.2017 22:00;30.07.2017 06:50;72%;08:49;;;;3834
30.07.2017 23:20;31.07.2017 06:33;89%;07:12;;;;1018
31.07.2017 22:39;01.08.2017 06:19;82%;07:39;;;;1837
01.08.2017 23:15;02.08.2017 06:10;77%;06:54;;;;893
02.08.2017 22:32;03.08.2017 06:06;81%;07:33;;;;5280
03.08.2017 23:14;04.08.2017 06:32;80%;07:18;;;;3584
04.08.2017 22:59;05.08.2017 07:31;76%;08:31;;;;1114
05.08.2017 23:37;06.08.2017 07:38;81%;08:00;;;;5152
06.08.2017 23:03;07.08.2017 08:12;99%;09:08;;;;3045
07.08.2017 23:14;08.08.2017 07:41;73%;08:26;;;;2429
08.08.2017 22:34;09.08.2017 06:05;81%;07:31;;;;7187
09.08.2017 23:22;10.08.2017 05:53;59%;06:30;;;;4488
12.08.2017 22:58;13.08.2017 06:40;79%;07:42;;;;5541
13.08.2017 22:46;14.08.2017 05:51;58%;07:04;;;;6246
14.08.2017 22:32;15.08.2017 05:51;67%;07:18;;;;7940
15.08.2017 21:56;16.08.2017 06:30;83%;08:34;;;;5029
16.08.2017 22:01;17.08.2017 05:29;81%;07:27;;;;9185
17.08.2017 20:36;18.08.2017 04:53;35%;08:16;;;;7581
25.08.2017 23:37;26.08.2017 06:38;30%;07:00;;;;10605
27.08.2017 22:15;28.08.2017 07:00;94%;08:44;;;;13476
28.08.2017 22:03;29.08.2017 07:20;82%;09:17;;;;3921
30.08.2017 23:01;31.08.2017 06:38;74%;07:37;;;;3332
31.08.2017 23:01;01.09.2017 07:16;81%;08:15;;;;3001
01.09.2017 22:33;02.09.2017 07:38;89%;09:04;;;;7268
03.09.2017 00:46;03.09.2017 08:08;81%;07:21;;;;4835
03.09.2017 23:07;04.09.2017 07:22;84%;08:14;;;;3230
04.09.2017 22:49;05.09.2017 06:07;59%;07:17;;;;1333
05.09.2017 22:38;06.09.2017 06:08;81%;07:30;;;;8922
06.09.2017 22:02;07.09.2017 06:02;79%;07:59;;;;5095
07.09.2017 22:26;08.09.2017 06:05;77%;07:39;;;;5470
09.09.2017 21:24;10.09.2017 06:13;74%;08:48;;;;2257
11.09.2017 22:39;12.09.2017 06:06;56%;07:27;;;;12094
12.09.2017 22:03;13.09.2017 06:08;86%;08:04;;;;6059
13.09.2017 23:43;14.09.2017 06:32;55%;06:48;;;;6075
14.09.2017 22:06;15.09.2017 06:05;79%;07:59;;;;4400
16.09.2017 00:18;16.09.2017 08:51;91%;08:33;;;;4880
17.09.2017 22:50;18.09.2017 06:32;71%;07:41;;;;7213
18.09.2017 22:19;19.09.2017 06:04;69%;07:44;;;;3640
19.09.2017 22:16;20.09.2017 06:04;76%;07:47;;;;5184
20.09.2017 22:04;21.09.2017 06:06;65%;08:02;;;;4443
21.09.2017 22:23;22.09.2017 06:07;72%;07:44;;;;5242
24.09.2017 21:44;25.09.2017 05:57;80%;08:13;;;;5142
25.09.2017 22:17;26.09.2017 06:19;73%;08:01;;;;5050
26.09.2017 23:01;27.09.2017 05:49;66%;06:47;;;;1706
27.09.2017 22:06;28.09.2017 06:08;83%;08:02;;;;10076
28.09.2017 23:36;29.09.2017 06:41;75%;07:04;;;;5320
29.09.2017 23:14;30.09.2017 08:00;80%;08:46;;;;2809
01.10.2017 00:03;01.10.2017 07:36;79%;07:33;;;;6235
01.10.2017 21:44;02.10.2017 06:05;69%;08:21;;;;2757
02.10.2017 22:55;03.10.2017 06:00;76%;07:05;;;;5551
03.10.2017 21:41;04.10.2017 06:25;96%;08:44;;;;3729
04.10.2017 22:44;05.10.2017 06:05;75%;07:20;;;;7101
05.10.2017 21:24;06.10.2017 04:37;76%;07:13;;;;4906
06.10.2017 22:56;07.10.2017 07:44;55%;08:47;;;;4507
07.10.2017 21:57;08.10.2017 08:05;71%;10:07;;;;1588
09.10.2017 22:27;10.10.2017 06:10;79%;07:42;;;;3951
10.10.2017 22:23;11.10.2017 06:00;80%;07:36;;;;5912
11.10.2017 22:32;12.10.2017 06:10;71%;07:38;;;;5314
12.10.2017 22:22;13.10.2017 06:37;79%;08:14;;;;3240
13.10.2017 23:03;14.10.2017 08:15;88%;09:11;;;;356
14.10.2017 22:58;15.10.2017 07:24;80%;08:25;;;;388
15.10.2017 22:47;16.10.2017 05:56;69%;07:09;;;;4287
16.10.2017 21:51;17.10.2017 06:01;74%;08:09;;;;7129
17.10.2017 21:41;18.10.2017 06:02;78%;08:21;;;;3342
19.10.2017 00:01;19.10.2017 06:02;60%;06:00;;;;4074
19.10.2017 21:13;20.10.2017 06:14;100%;09:00;;;;907
21.10.2017 00:05;21.10.2017 07:57;89%;07:51;;;;5899
22.10.2017 00:25;22.10.2017 07:45;79%;07:20;;;;71
22.10.2017 21:50;23.10.2017 06:00;82%;08:10;;;;5210
23.10.2017 22:18;24.10.2017 06:01;65%;07:42;;;;6636
24.10.2017 22:15;25.10.2017 06:06;83%;07:51;;;;5355
25.10.2017 21:55;26.10.2017 06:00;65%;08:05;;;;4119
27.10.2017 01:50;27.10.2017 06:51;59%;05:01;;;;5364
28.10.2017 22:51;29.10.2017 07:51;91%;09:00;;;;1097
29.10.2017 22:26;30.10.2017 06:00;78%;07:34;;;;1430
30.10.2017 22:52;31.10.2017 05:43;62%;06:51;;;;7603
31.10.2017 23:29;01.11.2017 05:02;49%;05:33;;;;9304
02.11.2017 21:25;03.11.2017 06:21;74%;08:56;;;;5051
03.11.2017 23:23;04.11.2017 07:26;89%;08:02;;;;787
05.11.2017 22:30;06.11.2017 06:05;70%;07:35;;;;5504
06.11.2017 22:08;07.11.2017 05:58;75%;07:49;;;;3709
07.11.2017 21:01;08.11.2017 05:45;90%;08:43;;;;144
08.11.2017 23:11;09.11.2017 06:30;76%;07:18;;;;6094
09.11.2017 22:04;10.11.2017 07:15;96%;09:11;;;;847
10.11.2017 23:29;11.11.2017 07:21;83%;07:51;;;;5919
11.11.2017 23:06;12.11.2017 07:18;84%;08:11;;;;1751
12.11.2017 23:39;13.11.2017 08:30;79%;08:50;;;;3789
14.11.2017 21:16;15.11.2017 06:50;93%;09:34;;;;52
15.11.2017 21:23;16.11.2017 06:51;85%;09:27;;;;27
16.11.2017 22:33;17.11.2017 06:07;80%;07:34;;;;430
17.11.2017 23:08;18.11.2017 07:20;91%;08:11;;;;3281
19.11.2017 21:58;20.11.2017 06:02;82%;08:04;;;;4153
20.11.2017 22:26;21.11.2017 06:00;86%;07:33;;;;6494
21.11.2017 22:26;22.11.2017 05:57;68%;07:31;;;;9426
22.11.2017 22:34;23.11.2017 06:01;80%;07:26;;;;7565
23.11.2017 22:56;24.11.2017 06:30;80%;07:33;;;;5735
25.11.2017 23:14;26.11.2017 08:19;100%;09:05;;;;5116
26.11.2017 22:10;27.11.2017 06:05;63%;07:55;;;;27
27.11.2017 22:36;28.11.2017 05:58;73%;07:22;;;;0
28.11.2017 22:54;29.11.2017 06:09;80%;07:14;;;;6417
29.11.2017 22:33;30.11.2017 06:26;83%;07:52;;;;0
30.11.2017 20:54;01.12.2017 05:55;77%;09:01;;;;0
03.12.2017 23:10;04.12.2017 06:15;63%;07:05;;;;3400
04.12.2017 21:20;05.12.2017 05:50;70%;08:29;;;;6015
05.12.2017 22:56;06.12.2017 06:15;68%;07:19;;;;3179
06.12.2017 21:56;07.12.2017 05:50;63%;07:53;;;;6346
07.12.2017 22:04;08.12.2017 06:31;82%;08:27;;;;218
09.12.2017 23:39;10.12.2017 08:15;95%;08:35;;;;0
10.12.2017 22:16;11.12.2017 06:06;70%;07:49;;;;96
11.12.2017 21:47;12.12.2017 05:57;68%;08:09;;;;7339
12.12.2017 22:09;13.12.2017 05:55;72%;07:45;;;;6970
14.12.2017 22:47;15.12.2017 05:51;60%;07:04;;;;1566
17.12.2017 21:35;18.12.2017 06:08;80%;08:33;;;;5184
18.12.2017 21:39;19.12.2017 06:05;79%;08:26;;;;75
19.12.2017 22:05;20.12.2017 06:25;79%;08:20;;;;3088
20.12.2017 21:30;21.12.2017 05:52;59%;08:22;;;;4553
21.12.2017 22:10;22.12.2017 06:55;75%;08:44;;;;1306
26.12.2017 21:19;27.12.2017 07:55;97%;10:35;;;;373
29.12.2017 00:06;29.12.2017 07:57;75%;07:50;;;;5168
29.12.2017 22:00;30.12.2017 08:08;75%;10:08;;;;61
01.01.2018 21:30;02.01.2018 05:56;81%;08:25;;;;2544
02.01.2018 22:31;03.01.2018 05:48;76%;07:17;;;;475
03.01.2018 20:28;04.01.2018 03:40;0%;00:00;;;;47
04.01.2018 22:19;05.01.2018 07:25;91%;09:05;;;;5064
06.01.2018 23:13;07.01.2018 08:00;86%;08:46;;;;2101
07.01.2018 22:09;08.01.2018 06:10;83%;08:01;;;;1334
08.01.2018 22:53;09.01.2018 05:45;77%;06:51;;;;2262
09.01.2018 22:22;10.01.2018 06:23;90%;08:01;;;;4529
10.01.2018 21:31;11.01.2018 05:10;71%;07:38;;;;6224
11.01.2018 21:54;12.01.2018 05:01;70%;07:06;;;;47
12.01.2018 21:50;13.01.2018 07:38;70%;09:48;;;;6296
13.01.2018 22:07;14.01.2018 07:09;64%;09:02;;;;2405
14.01.2018 22:02;15.01.2018 05:50;73%;07:48;;;;9237
15.01.2018 22:45;16.01.2018 06:00;79%;07:15;;;;2818
16.01.2018 22:09;17.01.2018 06:01;71%;07:51;;;;5752
17.01.2018 22:45;18.01.2018 06:12;84%;07:27;;;;6631
18.01.2018 22:46;19.01.2018 06:48;59%;08:02;;;;9516
19.01.2018 22:21;20.01.2018 08:22;71%;10:01;;;;4454
20.01.2018 23:44;21.01.2018 07:01;67%;07:17;;;;7253
21.01.2018 22:04;22.01.2018 06:01;84%;07:56;;;;22
22.01.2018 23:15;23.01.2018 06:00;66%;06:44;;;;2334
23.01.2018 21:41;24.01.2018 06:00;73%;08:18;;;;2867
24.01.2018 20:58;25.01.2018 06:02;84%;09:03;;;;4881
25.01.2018 23:17;26.01.2018 06:00;72%;06:43;;;;2149
26.01.2018 22:13;27.01.2018 07:20;92%;09:07;;;;1720
28.01.2018 01:21;28.01.2018 08:49;81%;07:27;;;;6518
28.01.2018 21:30;29.01.2018 05:00;69%;07:29;;;;29
29.01.2018 21:37;30.01.2018 06:01;79%;08:23;;;;107
30.01.2018 22:18;31.01.2018 06:03;77%;07:44;;;;5277
31.01.2018 22:29;01.02.2018 06:02;72%;07:32;;;;1325
01.02.2018 21:25;02.02.2018 06:45;80%;09:20;;;;3319
03.02.2018 02:20;03.02.2018 07:44;65%;05:23;;;;4810
03.02.2018 08:32;03.02.2018 09:08;8%;00:36;;;;166
03.02.2018 22:29;04.02.2018 07:37;96%;09:08;;;;362
04.02.2018 23:09;05.02.2018 06:01;72%;06:52;;;;2528
05.02.2018 22:02;06.02.2018 06:00;78%;07:58;;;;7982
06.02.2018 21:44;07.02.2018 06:12;82%;08:28;;;;5039
07.02.2018 23:18;08.02.2018 06:48;73%;07:29;;;;2435
08.02.2018 22:41;09.02.2018 06:00;93%;07:18;;;;68
09.02.2018 23:07;10.02.2018 07:26;76%;08:18;;;;5598
11.02.2018 22:44;12.02.2018 07:08;91%;08:24;;;;1901
12.02.2018 21:54;13.02.2018 07:02;91%;09:08;;;;56
13.02.2018 23:49;14.02.2018 07:00;81%;07:11;;;;64
14.02.2018 21:24;15.02.2018 06:20;71%;08:56;;;;3316
15.02.2018 21:36;16.02.2018 06:50;80%;09:13;;;;6555
16.02.2018 22:52;17.02.2018 07:48;91%;08:55;;;;2291
Start;End;Sleep quality;Time in bed;Wake up;Sleep Notes;Heart rate;Activity (steps)
